<top-song xmlns="http://marklogic.com/MLU/top-songs">
  <!--Copyright (c) 2010 Mark Logic Corporation. Permission is
granted to copy, distribute and/or modify this document under the terms of the
GNU Free Documentation License, Version 1.2 or any later version published by
the Free Software Foundation; with no Invariant Sections, no Front-Cover Texts,
and no Back-Cover Texts. A copy of the license is included in the section 
entitled "GNU Free Documentation License." Content derived from 
http://en.wikipedia.org/w/index.php?title=Moonlight_Cocktail&action=edit&redlink=1 

Modified in February 2010 by Mark Logic Corporation under the terms of the 
GNU Free Documentation License.-->
  <title href="http://en.wikipedia.org/w/index.php?title=Moonlight_Cocktail&amp;action=edit&amp;redlink=1" xmlns:ts="http://marklogic.com/MLU/top-songs">Moonlight Cocktail</title>
  <artist xmlns:ts="http://marklogic.com/MLU/top-songs"/>
  <weeks last="1942-05-02">
    <week>1942-02-28</week>
    <week>1942-03-07</week>
    <week>1942-03-14</week>
    <week>1942-03-21</week>
    <week>1942-03-28</week>
    <week>1942-04-04</week>
    <week>1942-04-11</week>
    <week>1942-04-18</week>
    <week>1942-04-25</week>
    <week>1942-05-02</week>
  </weeks>
  <descr/>
</top-song>
