<top-song xmlns="http://marklogic.com/MLU/top-songs">
  <!--Copyright (c) 2010 Mark Logic Corporation. Permission is
granted to copy, distribute and/or modify this document under the terms of the
GNU Free Documentation License, Version 1.2 or any later version published by
the Free Software Foundation; with no Invariant Sections, no Front-Cover Texts,
and no Back-Cover Texts. A copy of the license is included in the section 
entitled "GNU Free Documentation License." Content derived from 
http://en.wikipedia.org/wiki/21_Questions 

Modified in February 2010 by Mark Logic Corporation under the terms of the 
GNU Free Documentation License.-->
  <title href="http://en.wikipedia.org/wiki/21_Questions" xmlns:ts="http://marklogic.com/MLU/top-songs">21 Questions</title>
  <artist href="http://en.wikipedia.org/wiki/Nate_Dogg" xmlns:ts="http://marklogic.com/MLU/top-songs">50 Cent featuring Nate Dogg</artist>
  <weeks last="2003-06-21">
    <week>2003-05-31</week>
    <week>2003-06-07</week>
    <week>2003-06-14</week>
    <week>2003-06-21</week>
  </weeks>
  <album url="http://upload.wikimedia.org/wikipedia/en/thumb/e/ee/50_Cent_featuring_Nate_Dogg_-_21_Questions_-_CD_cover.jpg/200px-50_Cent_featuring_Nate_Dogg_-_21_Questions_-_CD_cover.jpg" uri="/images/50-Cent-featuring-Nate-Dogg+21-Questions.jpg">Get
  Rich or Die Tryin'</album>
  <released>April 29, 2003</released>
  <formats>
    <format>12" single</format>
  </formats>
  <recorded>2002</recorded>
  <genres>
    <genre>Hip hop</genre>
  </genres>
  <lengths>
    <length>3:44</length>
  </lengths>
  <label>Aftermath , Interscope , Shady</label>
  <writers>
    <writer>50 Cent</writer>
    <writer>K. Risto</writer>
    <writer>Jimmy Cameron &amp; Vela M. Cameron</writer>
  </writers>
  <producers>
    <producer>Dirty Swift &amp; Bruce Waynne of Midi
    Mafia</producer>
  </producers>
  <descr>
    <p>"21 Questions" is a song performed by rapper 50 Cent. Nate
    Dogg, who gives additional vocals, is featured, but not
    credited, on the chorus and outro. The song was written by 50
    Cent, K. Risto, J. Cameron, and V. Cameron for 50 Cent's
    commercial debut album 
    <i>Get Rich or Die Tryin'</i>(2003). Released in 2003 as the
    album's second single, it became his second number one song in
    the United States after "In Da Club". It reached number six in
    the UK Singles Chart while "In Da Club" was at #23, giving him
    the rare feat of having two singles in the Top 30 at the same
    time. The track was produced by Dirty Swift and Bruce Waynne of
    Midi Mafia and samples elements from Barry White's "It's Only
    Love Doing Its Thing". R&amp;B singer Lil' Mo created the
    answer-back remix titled "21 Answers". Her version received
    decent airplay, and was often merged together with 50 Cent's
    version for club play. While the title of the song is "21
    Questions," 50 Cent actually asks 22 questions in the duration
    of the song.</p>
    <p>When producer Dr. Dre worked with 50 Cent on his debut
    album, he stated that he did not want the song on the album.
    According to 50 Cent, "Dre was, like, 'How you goin' to be
    gangsta this and that and then put this sappy love song on?'"
    50 Cent responded saying, "I'm two people. I've always had to
    be two people since I was a kid, to get by. To me that's not
    diversity, it's necessity."</p>
    <p>The music video was directed by Damon Johnson, Dr. Dre and
    Phillip Atwell in March 2003. It depicts 50 Cent arrested and
    confined to prison, where he tries to keep in touch with his
    girlfriend, played by Meagan Good. In prison, he is constantly
    harangued by rival inmate, Tyson Beckford. The video ends with
    an alternate version of the beginning, showing 50 Cent and his
    girlfriend watching from their home as the police arrest
    Beckford instead of 50 Cent. The video has cameo appearances by
    G-Unit and Nate Dogg, who sings the chorus and the outro. The
    video concept can also be originated from Nate Dogg's "Never
    Leave Me Alone".</p>
    <p>On April 15, 2003, the video debuted on MTV's 
    <i>Total Request Live</i>at number six, reached number one two
    days later, and stayed on the chart for fifty days. It also
    reached number two on the 
    <i>MuchMusic</i>video charts.</p>
    <p>A remix was released which featured American R&amp;B singer
    Monica.</p>
    
  </descr>
</top-song>
