<top-song xmlns="http://marklogic.com/MLU/top-songs">
  <!--Copyright (c) 2010 Mark Logic Corporation. Permission is
granted to copy, distribute and/or modify this document under the terms of the
GNU Free Documentation License, Version 1.2 or any later version published by
the Free Software Foundation; with no Invariant Sections, no Front-Cover Texts,
and no Back-Cover Texts. A copy of the license is included in the section 
entitled "GNU Free Documentation License." Content derived from 
http://en.wikipedia.org/wiki/Try_Again 

Modified in February 2010 by Mark Logic Corporation under the terms of the 
GNU Free Documentation License.-->
  <title href="http://en.wikipedia.org/wiki/Try_Again" xmlns:ts="http://marklogic.com/MLU/top-songs">Try Again</title>
  <artist href="http://en.wikipedia.org/wiki/Aaliyah" xmlns:ts="http://marklogic.com/MLU/top-songs">Aaliyah</artist>
  <weeks last="2000-06-17">
    <week>2000-06-17</week>
  </weeks>
  <album url="http://upload.wikimedia.org/wikipedia/en/thumb/a/a0/Aaliyah-TryAgainCDSingle.jpg/200px-Aaliyah-TryAgainCDSingle.jpg" uri="/images/Aaliyah+Try-Again.jpg">Romeo Must Die: The
  Album</album>
  <released>February 29, 2000</released>
  <formats>
    <format>CD</format>
    <format>12-inch single</format>
  </formats>
  <recorded>January 2000; Manhattan Center , ( New York City , New
  York )</recorded>
  <genres>
    <genre>R&amp;B</genre>
  </genres>
  <lengths>
    <length>4:04</length>
  </lengths>
  <label>Blackground / Virgin</label>
  <writers>
    <writer>Steve Garrett</writer>
    <writer>Timothy Mosley</writer>
  </writers>
  <producers>
    <producer>Timbaland</producer>
  </producers>
  <descr>
    <p>"Try Again" is a Grammy-nominated single by the late
    American singer Aaliyah. The song went #1 on the 
    <i>Billboard</i>charts, received favorable reviews, and won
    several prestigious awards.</p>
    <p>The song was written by Static Major and Tim Mosley
    (Timbaland) and produced by Tim Mosley. It was the second
    single released from the 
    <i>Romeo Must Die</i>soundtrack and written for the motion
    picture of the same name. The single was released to radio
    while "I Don't Wanna" was still at radio, "Try Again" had
    peaked by the time "I Don't Wanna" was phasing out. "Try Again"
    was one of her most successful songs on both the American
    charts and the international charts. It was the first song ever
    to reach number one on the Billboard Hot 100 based solely on
    the strength of its radio airplay.</p>
    <p>The song was listed 10th on 
    <i>The Village Voice</i>'s 2000 Pazz &amp; Jop critics' poll.
    In November 2002, 
    <i>NME</i>magazine ranked "Try Again" #93 on their list of the
    100 Greatest Singles of All Time.</p>
    <p>In 2003 German metal band Knorkator covered "Try Again" for
    their album 
    <i>Ich hasse Musik</i>, turning the piece into a crushing
    orchestral industrial metal piece.</p>
    <p>In December 2009, 
    <i>Rolling Stone</i>magazine listed the song 86th on their list
    of the 100 Best Songs of the Decade. On 
    <i>Billboard</i>'s hottest records of the 2000s list, the song
    placed 98th.</p>
    <p>While promoting the movie 
    <i>Romeo Must Die</i>and the soundtrack of the film, Aaliyah
    performed this song on 
    <i>The Tonight Show with Jay Leno</i>, 
    <i>The Rosie O'Donnell Show</i>, 
    <i>Top of the Pops</i>, MTV's 
    <i>Romeo Must Die</i>special and 
    <i>Total Request Live</i>.</p>
    <p>The music video was filmed at Hollywood Center Studios in
    early March 2000. It begins with Jet Li entering a hall of
    mirrors and Aaliyah stepping in, wearing a revealing low-cut
    bra and tight low-rise leather pants. Timbaland is also shown.
    The making of the video and the video itself was featured on
    the 
    <i>Romeo Must Die</i>DVD. The video was directed by Wayne
    Isham, with Fatima Robinson creating the choreography. The
    "Hall of Mirrors" room was inspired by Bruce Lee's 
    <i>Enter the Dragon</i>. The video placed 7th on BET's year-end
    special 
    <i>Notarized: Top 100 Videos of 2000</i>and ranks 46th on
    Channel Max's Top 100 Sexiest Women.</p>
    <p>CD Single</p>
    <p>Promo single</p>
    <p>At the 43rd Grammy Awards, "Try Again" was nominated for
    Best Female R&amp;B Vocal Performance. The single was also
    honored with two Soul Train Music Award nominations: Best
    R&amp;B/Soul Single and R&amp;B/Soul or Rap Music Video. "Try
    Again" won two MTV Video Music Awards for Best Female Video and
    Best Video from a Film.</p>
    <p>"Try Again" debuted on the Billboard Hot 100 in mid-March
    2000, eventually topping the chart on the week of June 17. It
    stayed in the top 10 for a massive fifteen weeks and in the top
    one hundred for thirty-two weeks. It also peaked at number one
    on the Billboard Hot 100 Airplay chart for nine weeks. On the
    year-end chart for Billboard Hot 100, it was ranked twelfth and
    ranked eighteenth on the Hot R&amp;B/Hip-Hop Songs year-end
    chart.</p>
    <p>On the UK Singles Chart, it debuted and peaked at number
    five, staying in the top 75 for 12 weeks.</p>
    <p>It peaked at number 8 in Australia. It ranked 51st on the
    year-end chart of ARIA Charts.</p>
    <p>In Germany, the song peaked at number five and remained in
    the chart for twenty weeks. The song became the 7th most
    successful song of Germany in 2000.</p>
    <p>In France, the song reached the top 30.</p>
    <p>This song was covered by the German heavy metal g roup
    Knorkator.A lo-fi cover version was also done by Danish
    musician Jesper Henriksen.</p>
    <p>At the beginning of the song, Timbaland pays homage to Eric
    B. &amp; Rakim's song "I Know You Got Soul" by rapping the line
    that opens the original song (with slight alterations):</p>
    <p>"It's been a long time, I shouldn't have left you without a
    dope beat to step to."</p>
    <p>The song was sampled by British popstar George Michael on
    his single "Freeek!".</p>
  </descr>
</top-song>
