<top-song xmlns="http://marklogic.com/MLU/top-songs">
  <!--Copyright (c) 2010 Mark Logic Corporation. Permission is
granted to copy, distribute and/or modify this document under the terms of the
GNU Free Documentation License, Version 1.2 or any later version published by
the Free Software Foundation; with no Invariant Sections, no Front-Cover Texts,
and no Back-Cover Texts. A copy of the license is included in the section 
entitled "GNU Free Documentation License." Content derived from 
http://en.wikipedia.org/wiki/Love_Letters_in_the_Sand 

Modified in February 2010 by Mark Logic Corporation under the terms of the 
GNU Free Documentation License.-->
  <title href="http://en.wikipedia.org/wiki/Love_Letters_in_the_Sand" xmlns:ts="http://marklogic.com/MLU/top-songs">Love Letters in the Sand "/ Bernardine Pat Boone</title>
  <artist xmlns:ts="http://marklogic.com/MLU/top-songs">"All Shook Up" Elvis Presley</artist>
  <weeks last="1957-06-03">
    <week>1957-06-03</week>
  </weeks>
  <descr>
    <p>"Love Letters in the Sand" is a popular song first published
    in 1931. The music was written by J. Fred Coots and the lyrics
    by Nick Kenny and Charles Kenny. The song was "inspired" by an
    1881 composition, "The Spanish Cavalier". Ted Black's orchestra
    had the first major hit.</p>
    <p>Pat Boone's cover became a major hit in June and July 1957,
    spending 5 weeks at number one on the Billboard Top 100, with
    34 weeks in total on the chart.</p>
    <p>The English singer, Vince Hill, reached #23 in the UK
    Singles Chart in 1967, with his cover version of the track.</p>
    
  </descr>
</top-song>
