<top-song xmlns="http://marklogic.com/MLU/top-songs">
  <!--Copyright (c) 2010 Mark Logic Corporation. Permission is
granted to copy, distribute and/or modify this document under the terms of the
GNU Free Documentation License, Version 1.2 or any later version published by
the Free Software Foundation; with no Invariant Sections, no Front-Cover Texts,
and no Back-Cover Texts. A copy of the license is included in the section 
entitled "GNU Free Documentation License." Content derived from 
http://en.wikipedia.org/wiki/Wonderland_by_Night 

Modified in February 2010 by Mark Logic Corporation under the terms of the 
GNU Free Documentation License.-->
  <title href="http://en.wikipedia.org/wiki/Wonderland_by_Night" xmlns:ts="http://marklogic.com/MLU/top-songs">Wonderland by Night</title>
  <artist href="http://en.wikipedia.org/wiki/Bert_Kaempfert" xmlns:ts="http://marklogic.com/MLU/top-songs">Bert Kaempfert</artist>
  <weeks last="1961-01-23">
    <week>1961-01-09</week>
    <week>1961-01-16</week>
    <week>1961-01-23</week>
  </weeks>
  <descr>
    <p>"Wonderland by Night" is a popular song by Bert Kaempfert
    that was a 
    <i>Billboard</i>number one hit for three weeks, starting
    January 9, 1961. It was Kaempfert's first hit with his
    orchestra. Another cover, recorded and released by Louis Prima,
    also charted in the same year, reaching #15 on the Billboard
    charts. Anita Bryant's version reached #18 on the US Pop Chart.
    Engelbert Humperdinck also recorded a vocal version of the song
    in his 1968 album 
    <i>A Man Without Love.</i></p>
  </descr>
</top-song>
