<top-song xmlns="http://marklogic.com/MLU/top-songs">
  <!--Copyright (c) 2010 Mark Logic Corporation. Permission is
granted to copy, distribute and/or modify this document under the terms of the
GNU Free Documentation License, Version 1.2 or any later version published by
the Free Software Foundation; with no Invariant Sections, no Front-Cover Texts,
and no Back-Cover Texts. A copy of the license is included in the section 
entitled "GNU Free Documentation License." Content derived from 
http://en.wikipedia.org/wiki/Doctor,_Lawyer,_Indian_Chief 

Modified in February 2010 by Mark Logic Corporation under the terms of the 
GNU Free Documentation License.-->
  <title href="http://en.wikipedia.org/wiki/Doctor,_Lawyer,_Indian_Chief" xmlns:ts="http://marklogic.com/MLU/top-songs">Doctor, Lawyer, Indian Chief</title>
  <artist href="http://en.wikipedia.org/wiki/Betty_Hutton" xmlns:ts="http://marklogic.com/MLU/top-songs">Betty Hutton</artist>
  <weeks last="1946-03-02">
    <week>1946-03-02</week>
  </weeks>
  <descr>
    <p>"Doctor, Lawyer, Indian Chief" is a popular song.</p>
    <p>The music was written by Hoagy Carmichael, the lyrics by
    Paul Francis Webster. The song was published in 1945.</p>
    <p>The biggest-selling version of the song was recorded by
    Betty Hutton on June 29, 1945. The recording was released by
    Capitol Records as catalog number 220.The record first reached
    the Billboard magazine charts on December 6, 1945 and lasted 17
    weeks on the chart, peaking at #1.</p>
    <p>Another recording was made by the Les Brown Orchestra on
    January 6, 1946. This recording was released by Columbia
    Records as catalog number 36945, with the flip side "Day by
    Day". The record first reached the Billboard magazine charts on
    March 7, 1946 and lasted 4 weeks on the chart, peaking at
    #6.</p>
    <p>The composer Hoagy Carmichael recorded the song for the ARA
    label on October 23, 1945 (catalog number 128, with the flip
    side "Am I Blue?") and for the Decca label on December 9, 1946
    (catalog number 23862, with the flip side "The Old Man's
    Sleepin'".</p>
    <p>A popular British version was recorded by Carole Carr with
    Geraldo and his Orchestra on September 11, 1945.</p>
    
  </descr>
</top-song>
