<top-song xmlns="http://marklogic.com/MLU/top-songs">
  <!--Copyright (c) 2010 Mark Logic Corporation. Permission is
granted to copy, distribute and/or modify this document under the terms of the
GNU Free Documentation License, Version 1.2 or any later version published by
the Free Software Foundation; with no Invariant Sections, no Front-Cover Texts,
and no Back-Cover Texts. A copy of the license is included in the section 
entitled "GNU Free Documentation License." Content derived from 
http://en.wikipedia.org/wiki/Nothing_From_Nothing 

Modified in February 2010 by Mark Logic Corporation under the terms of the 
GNU Free Documentation License.-->
  <title href="http://en.wikipedia.org/wiki/Nothing_From_Nothing" xmlns:ts="http://marklogic.com/MLU/top-songs">Nothing From Nothing</title>
  <artist href="http://en.wikipedia.org/wiki/Billy_Preston" xmlns:ts="http://marklogic.com/MLU/top-songs">Billy Preston</artist>
  <weeks last="1974-10-19">
    <week>1974-10-19</week>
  </weeks>
  <descr>
    <p>Nothing from Nothing may refer to:</p>
  </descr>
</top-song>
