<top-song xmlns="http://marklogic.com/MLU/top-songs">
  <!--Copyright (c) 2010 Mark Logic Corporation. Permission is
granted to copy, distribute and/or modify this document under the terms of the
GNU Free Documentation License, Version 1.2 or any later version published by
the Free Software Foundation; with no Invariant Sections, no Front-Cover Texts,
and no Back-Cover Texts. A copy of the license is included in the section 
entitled "GNU Free Documentation License." Content derived from 
http://en.wikipedia.org/wiki/I_Can%27t_Begin_to_Tell_You 

Modified in February 2010 by Mark Logic Corporation under the terms of the 
GNU Free Documentation License.-->
  <title href="http://en.wikipedia.org/wiki/I_Can%27t_Begin_to_Tell_You" xmlns:ts="http://marklogic.com/MLU/top-songs">I Can't Begin to Tell You</title>
  <artist href="http://en.wikipedia.org/wiki/Bing_Crosby" xmlns:ts="http://marklogic.com/MLU/top-songs">Bing Crosby and Carmen Cavallaro</artist>
  <weeks last="1946-01-19">
    <week>1946-01-19</week>
  </weeks>
  <descr>
    <p>"I Can't Begin to Tell You" is a popular song with music
    written by James V. Monaco and lyrics by Mack Gordon. The song
    was published in 1945.</p>
    <p>The song was introduced by John Payne and reprised by Betty
    Grable in the film 
    <i>The Dolly Sisters.</i>A version by Bing Crosby was the
    best-known recording, reaching its peak of popularity in
    1945.</p>
    <p>The recording by Bing Crosby (with Carmen Cavallaro's
    orchestra) was released by Decca Records as catalog number
    23457. It first reached the Best Seller chart on November 15,
    1945, and lasted 17 weeks on the chart, peaking at #1.</p>
    <p>The recording by Andy Russell was released by Capitol
    Records as catalog number 221. It first reached the 
    <i>Billboard</i>Best Seller chart on December 27, 1945, and
    lasted 2 weeks on the chart, peaking at #8.</p>
    <p>The recording by the Harry James orchestra, with Grable
    singing vocals, was released by Columbia Records as catalog
    number 36867. It first reached the 
    <i>Billboard</i>Best Seller chart on December 27, 1945, and
    lasted 3 weeks on the chart, peaking at #9. The flip side,
    "Waitin' for the Train to Come In," also charted, reaching #10
    in its only week on the chart.</p>
    <p>Willie Nelson recorded a country genre version of the song
    on his all-covers album, 
    <i>Love Songs</i>, in September 2000.</p>
  </descr>
</top-song>
