<top-song xmlns="http://marklogic.com/MLU/top-songs">
  <!--Copyright (c) 2010 Mark Logic Corporation. Permission is
granted to copy, distribute and/or modify this document under the terms of the
GNU Free Documentation License, Version 1.2 or any later version published by
the Free Software Foundation; with no Invariant Sections, no Front-Cover Texts,
and no Back-Cover Texts. A copy of the license is included in the section 
entitled "GNU Free Documentation License." Content derived from 
http://en.wikipedia.org/wiki/Hooked_on_a_Feeling 

Modified in February 2010 by Mark Logic Corporation under the terms of the 
GNU Free Documentation License.-->
  <title href="http://en.wikipedia.org/wiki/Hooked_on_a_Feeling" xmlns:ts="http://marklogic.com/MLU/top-songs">Hooked on a Feeling</title>
  <artist href="http://en.wikipedia.org/wiki/Blue_Swede" xmlns:ts="http://marklogic.com/MLU/top-songs">Blue Swede</artist>
  <weeks last="1974-04-06">
    <week>1974-04-06</week>
  </weeks>
  <album>Hooked on a Feeling</album>
  <released>1974</released>
  <formats>
    <format>7"</format>
  </formats>
  <recorded>1974</recorded>
  <genres>
    <genre>Pop music</genre>
  </genres>
  <lengths>
    <length>2:48</length>
  </lengths>
  <label>EMI Svenska</label>
  <writers>
    <writer>Mark James</writer>
  </writers>
  <descr>
    <p>"Hooked on a Feeling" is a 1968 pop song written by Mark
    James originally performed by B. J. Thomas. Featuring the sound
    of the electric sitar, the song reached number five in 1969 on
    the Billboard Hot 100. This then had two successful covers. In
    1971, Jonathan King produced his own version, adding 
    <i>ooka shaka</i>jungle chants similar to, but not exactly the
    same as, Johnny Preston's "Running Bear." King described it as
    "a reggae rhythm by male voices." His version was a Top 30 hit
    throughout Europe.</p>
    <p>In 1974 the Swedish pop group Blue Swede with Björn Skifs as
    lead singer did a cover, with the "ooka shaka" introduction.
    Their version reached number one in the United States and was
    revived on the soundtrack in 1992. In 1975, this version was
    subject to some minor controversy when Wilson Bryan Key, in his
    book 
    <i>Subliminal Seduction</i>, claimed the words "ooka shaka" are
    changed to the phrase "who got sucked off" at 0:31 into the
    song.</p>
    <p>It was covered again in 1997 by David Hasselhoff (with a
    music video), which later in 2009 got a literal music video
    created by DASjr Productions,</p>
  </descr>
</top-song>
