<top-song xmlns="http://marklogic.com/MLU/top-songs">
  <!--Copyright (c) 2010 Mark Logic Corporation. Permission is
granted to copy, distribute and/or modify this document under the terms of the
GNU Free Documentation License, Version 1.2 or any later version published by
the Free Software Foundation; with no Invariant Sections, no Front-Cover Texts,
and no Back-Cover Texts. A copy of the license is included in the section 
entitled "GNU Free Documentation License." Content derived from 
http://en.wikipedia.org/wiki/Don%27t_Worry,_Be_Happy 

Modified in February 2010 by Mark Logic Corporation under the terms of the 
GNU Free Documentation License.-->
  <title href="http://en.wikipedia.org/wiki/Don%27t_Worry,_Be_Happy" xmlns:ts="http://marklogic.com/MLU/top-songs">Don't Worry, Be Happy</title>
  <artist href="http://en.wikipedia.org/wiki/Bobby_McFerrin" xmlns:ts="http://marklogic.com/MLU/top-songs">Bobby McFerrin</artist>
  <weeks last="1988-10-01">
    <week>1988-09-24</week>
    <week>1988-10-01</week>
  </weeks>
  <album url="http://upload.wikimedia.org/wikipedia/en/thumb/9/98/DontWorryBe.jpg/200px-DontWorryBe.jpg" uri="/images/Bobby-McFerrin+Don-t-Worry-Be-Happy.jpg">Simple
  Pleasures</album>
  <released>1988</released>
  <formats>
    <format>7"</format>
    <format>CD</format>
  </formats>
  <recorded>1988</recorded>
  <genres>
    <genre>Jazz</genre>
    <genre>a cappella</genre>
    <genre>Reggae</genre>
  </genres>
  <lengths>
    <length>4:50 (Album Version)</length>
    <length>4:03 (Music Video)</length>
  </lengths>
  <writers>
    <writer>Bobby McFerrin</writer>
  </writers>
  <producers>
    <producer>Linda Goldstein</producer>
  </producers>
  <descr>
    <p>"Don't Worry, Be Happy" is the title and principal lyric of
    a song by musician Bobby McFerrin. Released in September 1988,
    it became the first a cappella song to reach number one on the
    Billboard Hot 100 chart, a position it held for two weeks. On
    the UK Singles Chart, the song reached number 2 during its
    fifth week on the chart. At the 1989 Grammy Awards, "Don't
    Worry Be Happy" won the awards for Song of the Year, Record of
    the Year, and Best Male Pop Vocal Performance. The song's title
    is taken from a famous quote by Meher Baba. The original music
    video stars Robin Williams and Bill Irwin. The "instruments" in
    the 
    <i>a cappella</i>song are entirely overdubbed voice parts and
    other sounds made by McFerrin, using no instruments at all. The
    music video for the song is considerably shorter than the album
    version.</p>
    <p>It is ranked #31 on VH1's 
    <i>100 Greatest One Hit Wonders of the 80s</i>.</p>
    <p>The Indian mystic and sage Meher Baba (1894–1969) often used
    the expression "Don't worry, be happy" when cabling his
    followers in the West. However, Meher Baba communicated
    variations of the sentiment; fuller versions of the quote—such
    as, "
    <i>Do your best. Then, don’t worry; be happy in My love. I will
    help you</i>" -- also incorporate responsibility ("do your
    best...") alongside the detachment ("don't worry..."), as well
    as the master/disciple spiritual relationship ("I will help
    you"). In the 1960s, the truncated version of this expression
    by Baba was printed up on inspiration cards and posters of the
    era. In 1988, McFerrin noticed a similar poster in the
    apartment of the jazz band Tuck &amp; Patti in San Francisco.
    Inspired by the expression's charm and simplicity, McFerrin
    wrote the now famous song, which was included in the soundtrack
    of the movie 
    <i>Cocktail</i>, and became a hit single the next year. In an
    interview by Bruce Fessier for 
    <i>USA Weekend Magazine</i>in 1988 McFerrin said, "Whenever you
    see a poster of Meher Baba, it usually says 'Don't worry, be
    happy,' which is a pretty neat philosophy in four words, I
    think."</p>
    <p>Versions of "Don't Worry, Be Happy" have been recorded by
    several artists. The Katsimiha Brothers made a Greek cover of
    the song with original lyrics, and Montenegrin musician Rambo
    Amadeus made a parody entitled "Don't Happy, Be Worry," as a
    critique to the optimism of the music scene in the former
    Yugoslavia in the face of war and economic depression. The
    lyrics of "Fight the Power" by hip-hop artists Public Enemy
    also refer to "Don't Worry, Be Happy". This song is also added
    into the Big Mouth Billy Bass. Hermes House Band covered the
    song on their "Rhythm of the Nineties" album in 2009. Reggae
    artist Cas Haley covered the song as a hidden bonus track on
    his "Favorites" album (together with former Jah Roots lead
    singer, Josh Heinrichs).</p>
    <p>The song, and its title are commonly repeated in US culture.
    Comedian George Carlin wrote in 
    <i>Napalm and Silly Putty</i>that many Americans would embrace
    the philosophy of denial in the song. The song was used in
    George H. W. Bush's 1988 U.S. presidential election campaign
    until McFerrin, who was a Democrat, objected and the campaign
    desisted. The song is frequently used in film and television
    soundtracks to accompany light-hearted scenes, such as in 
    <i>Flushed Away</i>(2006), 
    <i>WALL-E</i>(2008), 
    <i>The Fresh Prince of Bel-Air</i>, 
    <i>The Simpsons</i>, 
    <i>Futurama</i>, 
    <i>Nip/Tuck</i>and 
    <i>That 70s Show</i>. It was also featured in the soundtrack to
    1988 film Cocktail. It has also been used in an ironic context
    for shocking or traumatic scenes, such as in 
    <i>Dawn of the Dead</i>(2004) and 
    <i>Jarhead</i>(2005). The song has been used in various forms
    in TV advertising for brands including Alamo Rent A Car,
    Walkers and Huggies.</p>
    <p>Originally released in conjunction with the film 
    <i>Cocktail</i>in 1988, the song originally peaked at #88 on
    the Billboard Hot 100. The song was re-released the same year
    and peaked at #1 on September 24, 1988. The song also peaked at
    #11 on the Billboard Hot R&amp;B/Hip-Hop Tracks chart and #7 on
    the Billboard Hot Adult Contemporary Tracks chart. The song was
    also a hit in the United Kingdom and peaked at #2 on the UK
    Singles Chart.</p>
    <p>
      <span style="white-space:nowrap">"Nel blu dipinto di blu
      (Volare)" ·</span>
      <span style="white-space:nowrap">"Mack the
      Knife" ·</span>
      <span style="white-space:nowrap">"Theme from A Summer
      Place" ·</span>
      <span style="white-space:nowrap">"Moon River" ·</span>
      <span style="white-space:nowrap">"I Left My Heart in San
      Francisco" ·</span>
      <span style="white-space:nowrap">"Days of Wine and
      Roses" ·</span>
      <span style="white-space:nowrap">"The Girl from
      Ipanema" ·</span>
      <span style="white-space:nowrap">"A Taste of
      Honey" ·</span>
      <span style="white-space:nowrap">"Strangers in the
      Night" ·</span>
      <span style="white-space:nowrap">"Up, Up and
      Away" ·</span>
      <span style="white-space:nowrap">"Mrs. Robinson"</span>
    </p>
    <p>
      <span style="white-space:nowrap">"Aquarius/Let the Sunshine
      In" ·</span>
      <span style="white-space:nowrap">"Bridge over Troubled
      Water" ·</span>
      <span style="white-space:nowrap">"It's Too
      Late" ·</span>
      <span style="white-space:nowrap">"The First Time Ever I Saw
      Your Face" ·</span>
      <span style="white-space:nowrap">"Killing Me Softly with His
      Song" ·</span>
      <span style="white-space:nowrap">"I Honestly Love
      You" ·</span>
      <span style="white-space:nowrap">"Love Will Keep Us
      Together" ·</span>
      <span style="white-space:nowrap">"This
      Masquerade" ·</span>
      <span style="white-space:nowrap">"Hotel
      California" ·</span>
      <span style="white-space:nowrap">"Just the Way You
      Are"</span>
    </p>
    <p>
      <span style="white-space:nowrap">"What a Fool
      Believes" ·</span>
      <span style="white-space:nowrap">"Sailing" ·</span>
      <span style="white-space:nowrap">"Bette Davis
      Eyes" ·</span>
      <span style="white-space:nowrap">"Rosanna" ·</span>
      <span style="white-space:nowrap">"Beat It" ·</span>
      <span style="white-space:nowrap">"What's Love Got to Do with
      It" ·</span>
      <span style="white-space:nowrap">"We Are the
      World" ·</span>
      <span style="white-space:nowrap">"Higher Love" ·</span>
      <span style="white-space:nowrap">"Graceland" ·</span>
      <span style="white-space:nowrap">"
      <strong class="selflink">
Don't Worry, Be Happy
</strong>"</span>
    </p>
    <p>
      <span style="white-space:nowrap">"Wind Beneath My
      Wings" ·</span>
      <span style="white-space:nowrap">"Another Day in
      Paradise" ·</span>
      <span style="white-space:nowrap">
      "Unforgettable" ·</span>
      <span style="white-space:nowrap">"Tears in
      Heaven" ·</span>
      <span style="white-space:nowrap">"I Will Always Love
      You" ·</span>
      <span style="white-space:nowrap">"All I Wanna
      Do" ·</span>
      <span style="white-space:nowrap">"Kiss from a
      Rose" ·</span>
      <span style="white-space:nowrap">"Change the
      World" ·</span>
      <span style="white-space:nowrap">"Sunny Came
      Home" ·</span>
      <span style="white-space:nowrap">"My Heart Will Go On"</span>
    </p>
    <p>
      <span style="white-space:nowrap">"Smooth" ·</span>
      <span style="white-space:nowrap">"Beautiful
      Day" ·</span>
      <span style="white-space:nowrap">"Walk On" ·</span>
      <span style="white-space:nowrap">"Don't Know
      Why" ·</span>
      <span style="white-space:nowrap">"Clocks" ·</span>
      <span style="white-space:nowrap">"Here We Go
      Again" ·</span>
      <span style="white-space:nowrap">"Boulevard of Broken
      Dreams" ·</span>
      <span style="white-space:nowrap">"Not Ready to Make
      Nice" ·</span>
      <span style="white-space:nowrap">"Rehab" ·</span>
      <span style="white-space:nowrap">"Please Read the
      Letter"</span>
    </p>
    <p>
      <span style="white-space:nowrap">"Use Somebody"</span>
    </p>
  </descr>
</top-song>
