<top-song xmlns="http://marklogic.com/MLU/top-songs">
  <!--Copyright (c) 2010 Mark Logic Corporation. Permission is
granted to copy, distribute and/or modify this document under the terms of the
GNU Free Documentation License, Version 1.2 or any later version published by
the Free Software Foundation; with no Invariant Sections, no Front-Cover Texts,
and no Back-Cover Texts. A copy of the license is included in the section 
entitled "GNU Free Documentation License." Content derived from 
http://en.wikipedia.org/wiki/The_Way_It_Is_(song) 

Modified in February 2010 by Mark Logic Corporation under the terms of the 
GNU Free Documentation License.-->
  <title href="http://en.wikipedia.org/wiki/The_Way_It_Is_(song)" xmlns:ts="http://marklogic.com/MLU/top-songs">The Way It Is</title>
  <artist href="http://en.wikipedia.org/wiki/Bruce_Hornsby" xmlns:ts="http://marklogic.com/MLU/top-songs">Bruce Hornsby &amp; the Range</artist>
  <weeks last="1986-12-13">
    <week>1986-12-13</week>
  </weeks>
  <album url="http://upload.wikimedia.org/wikipedia/en/a/ab/BruceHornsbyAndTheRangeTheWayItIs7InchSingleCover.jpg" uri="/images/Bruce-Hornsby-the-Range+The-Way-It-Is.jpg">The Way
  It Is</album>
  <genres>
    <genre>Piano rock</genre>
    <genre>adult contemporary</genre>
  </genres>
  <lengths>
    <length>4:55</length>
  </lengths>
  <label>RCA Records</label>
  <writers>
    <writer>Bruce Hornsby</writer>
  </writers>
  <producers>
    <producer>Elliot Scheiner</producer>
  </producers>
  <descr>
    <p>"The Way It Is" is a hit song by Bruce Hornsby and the Range
    from their 1986 album 
    <i>The Way It Is</i>. It topped the Billboard Hot 100 in 1986.
    Written by Bruce Hornsby, it made explicit reference to the
    American Civil Rights Movement. This song was heavily sampled
    by Tupac Shakur in his song, "Changes".</p>
    <p>In the UK, a version of the tune is used as the theme song
    to the BBC 1 daytime program 
    <i>City Hospital</i>and a crudely edited 'loop' of the final
    instrumental section was also used as background music the
    BBC's sports programme 
    <i>Grandstand</i>in the late 1980s, where it was played while
    the presenter ran down the football league tables at the end of
    the programme. Indeed in the UK (where the song only reached
    no. 15 in the charts), the song was possibly more well-known
    for its regular appearances on 
    <i>Grandstand</i>than for its appearance in the charts. The
    song was also featured in Australia as the background theme of
    the Nine Network's weekend news sports wrap up as well as
    during AFL Football telecasts in the 1990s. In this case, the
    song was used as a background theme while other weekly match
    results appeared on screen.</p>
    <p>In the 1990s and 2000s, "The Way It Is" was used as the
    theme music for Sean Hannity's syndicated radio talk show.
    Hornsby, a progressive Democrat, has stated his disapproval of
    Hannity's politics and the usage of "The Way It Is."
    Afterwards, Hannity criticized Hornsby and has since stopped
    using "The Way It Is" as the main theme for his show.</p>
  </descr>
</top-song>
