<top-song xmlns="http://marklogic.com/MLU/top-songs">
  <!--Copyright (c) 2010 Mark Logic Corporation. Permission is
granted to copy, distribute and/or modify this document under the terms of the
GNU Free Documentation License, Version 1.2 or any later version published by
the Free Software Foundation; with no Invariant Sections, no Front-Cover Texts,
and no Back-Cover Texts. A copy of the license is included in the section 
entitled "GNU Free Documentation License." Content derived from 
http://en.wikipedia.org/wiki/Pony_Time 

Modified in February 2010 by Mark Logic Corporation under the terms of the 
GNU Free Documentation License.-->
  <title href="http://en.wikipedia.org/wiki/Pony_Time" xmlns:ts="http://marklogic.com/MLU/top-songs">Pony Time</title>
  <artist href="http://en.wikipedia.org/wiki/Chubby_Checker" xmlns:ts="http://marklogic.com/MLU/top-songs">Chubby Checker</artist>
  <weeks last="1961-03-13">
    <week>1961-02-27</week>
    <week>1961-03-06</week>
    <week>1961-03-13</week>
  </weeks>
  <descr>
    <p>"Pony Time" is a song recorded by Chubby Checker, his second
    US #1 (after his 1960 single "The Twist." "Pony Time" was also
    a number one hit on the R&amp;B charts. . The song introduced a
    new dance style, The Pony, in which the dancer tries to look
    like he or she is riding a horse. It was written by Don Covay
    and John Berry.</p>
  </descr>
</top-song>
