<top-song xmlns="http://marklogic.com/MLU/top-songs">
  <!--Copyright (c) 2010 Mark Logic Corporation. Permission is
granted to copy, distribute and/or modify this document under the terms of the
GNU Free Documentation License, Version 1.2 or any later version published by
the Free Software Foundation; with no Invariant Sections, no Front-Cover Texts,
and no Back-Cover Texts. A copy of the license is included in the section 
entitled "GNU Free Documentation License." Content derived from 
http://en.wikipedia.org/wiki/With_Arms_Wide_Open 

Modified in February 2010 by Mark Logic Corporation under the terms of the 
GNU Free Documentation License.-->
  <title href="http://en.wikipedia.org/wiki/With_Arms_Wide_Open" xmlns:ts="http://marklogic.com/MLU/top-songs">With Arms Wide Open</title>
  <artist href="http://en.wikipedia.org/wiki/Creed_(band)" xmlns:ts="http://marklogic.com/MLU/top-songs">Creed</artist>
  <weeks last="2000-11-11">
    <week>2000-11-11</week>
  </weeks>
  <album url="http://upload.wikimedia.org/wikipedia/en/thumb/3/32/Witharmswideopen.jpg/200px-Witharmswideopen.jpg" uri="/images/Creed+With-Arms-Wide-Open.jpg">Human Clay</album>
  <released>May 24, 2000</released>
  <formats>
    <format>CD</format>
  </formats>
  <recorded>1998</recorded>
  <genres>
    <genre>Post-grunge</genre>
  </genres>
  <lengths>
    <length>4:35 (album version)</length>
    <length>3:53 (radio version)</length>
  </lengths>
  <label>Wind-up</label>
  <writers>
    <writer>Scott Stapp</writer>
    <writer>Mark Tremonti</writer>
  </writers>
  <producers>
    <producer>Ron Saint Germain</producer>
    <producer>John Kurzweg</producer>
  </producers>
  <descr>
    <p>"With Arms Wide Open" is a song composed by the band Creed,
    featured on the album 
    <i>Human Clay</i>. Scott Stapp wrote the lyrics when he found
    out that he was going to be a father. His son would be named
    Jagger. "With Arms Wide Open" topped the 
    <i>Billboard</i>Hot Mainstream Rock Tracks chart for four weeks
    in July 2000; a month later it reached the U.S. Top 40. In
    September, it was announced that Creed would release a limited
    edition single of "With Arms Wide Open" with some profits
    benefiting Scott Stapp's With Arms Wide Open Foundation to
    "promote healthy, loving relationships between children and
    their families". In October, the song hit the top ten and
    topped Billboard's Adult Top 40 chart for eight weeks. It hit
    number one on the Hot 100 on the issue dated November 11 for
    one week, and the video topped VH1's top ten tracks of 2000. In
    February 2001, Scott Stapp and Mark Tremonti won a Grammy Award
    for Best Rock Song. The song was also nominated for Best Rock
    Vocal Performance by a Duo or Group, but lost to U2 for
    Beautiful Day.</p>
    <p>The song was ranked number four on VH1's 
    <i>25 Greatest Power Ballads</i>.</p>
    <p>Staind covered this song. Parodies include "They'll Claw You
    Open," "When Bars Come Open," "With Blinds Wide Open,"[1] "With
    Legs Wide Open", and more.</p>
    <p>A parody of the song entitled "With Arms Wide Open (Literal
    Version)" is featured on Youtube in which the lyrics and vocals
    are changed to match the events in the song's music video.</p>
    <p>Kentucky native folk-parody duo, Threat Level Midnight,
    wrote and recorded a reworded version of the song making light
    of a breast augmentation entitled "Cut Them Wide Open".</p>
    <p>Norwegian comedian Kristian Valen recorded a parody of the
    song, entitled "My Moms Wide Open". It featured a music video
    with an elderly woman running around the forest naked.</p>
    <p>Christian comedian Tim Hawkins wrote a parody of the song
    called "My Arms Are Broken."</p>
    <p>Dave Grohl of the Foo Fighters recorded a humorous cover of
    the song in which he imitates Scott Stapp's distinctive
    voice.</p>
    <p>Michelle Delamor sang this song during Season 9 of American
    Idol.</p>
    <p>In spring 2010 the Chicago based vaudevillian duo, The Sweet
    Bina Experience, covered the song using autotune; employing
    harmonies reminiscent of T Pain.</p>
  </descr>
</top-song>
