<top-song xmlns="http://marklogic.com/MLU/top-songs">
  <!--Copyright (c) 2010 Mark Logic Corporation. Permission is
granted to copy, distribute and/or modify this document under the terms of the
GNU Free Documentation License, Version 1.2 or any later version published by
the Free Software Foundation; with no Invariant Sections, no Front-Cover Texts,
and no Back-Cover Texts. A copy of the license is included in the section 
entitled "GNU Free Documentation License." Content derived from 
http://en.wikipedia.org/wiki/Knock_Three_Times 

Modified in February 2010 by Mark Logic Corporation under the terms of the 
GNU Free Documentation License.-->
  <title href="http://en.wikipedia.org/wiki/Knock_Three_Times" xmlns:ts="http://marklogic.com/MLU/top-songs">Knock Three Times</title>
  <artist href="http://en.wikipedia.org/wiki/Tony_Orlando_and_Dawn" xmlns:ts="http://marklogic.com/MLU/top-songs">Dawn</artist>
  <weeks last="1971-02-06">
    <week>1971-01-23</week>
    <week>1971-01-30</week>
    <week>1971-02-06</week>
  </weeks>
  <album>Knock Three Times</album>
  <released>1971</released>
  <formats>
    <format>45 record</format>
  </formats>
  <genres>
    <genre>Country</genre>
  </genres>
  <label>Cartwheel</label>
  <writers>
    <writer>Irwin Levine</writer>
    <writer>L. Russell Brown</writer>
  </writers>
  <descr>
    <p>"Knock Three Times" is a popular song recorded by Tony
    Orlando and Dawn. It was released as a single in November 1970,
    paired with their other hit song, "Candida". The single hit
    number one on the Billboard Hot 100 in January 1971 and
    eventually sold nine million copies, also claiming the
    number-one spot on the UK Singles Chart. The composers of this
    song L.Russell Brown/Irwin Levine, were thinking of the song 
    <i>UP ON THE ROOF</i>and they wanted to write a song with that
    kind of lyrical flavor, tenement living. Knock Three Times
    actually sold more than 100 thousand records a day in New York
    City alone for ten straight days. The Motion picture NOW AND
    THEN also contains this song, as well as a half dozen other
    feature films..</p>
    <p>It was covered by Billy "Crash" Craddock in 1971 and peaked
    at number three country hit.</p>
    <p>, The song was sung by Vic Reeves on the Reeves &amp;
    Mortimer comedy panel show 
    <i>Shooting Stars</i>, during the "Impressions Round" where
    Reeves sings a popular song "in the style of a club
    singer".</p>
    <p>Dolly Parton performed the song on her 1976-1977 variety
    show 
    <i>Dolly!</i></p>
    <p>Paul and Storm released a Larry Craig-themed parody of this
    song, entitled "Tap Three Times".</p>
    <p>A dance/club remake of "Knock Three Times" was released in
    July 2008 by "DJ Freddy Retro featuring Jim Davis Jr." on Casa
    Records.</p>
    <p>Produced by Sean Stefanik</p>
  </descr>
</top-song>
