<top-song xmlns="http://marklogic.com/MLU/top-songs">
  <!--Copyright (c) 2010 Mark Logic Corporation. Permission is
granted to copy, distribute and/or modify this document under the terms of the
GNU Free Documentation License, Version 1.2 or any later version published by
the Free Software Foundation; with no Invariant Sections, no Front-Cover Texts,
and no Back-Cover Texts. A copy of the license is included in the section 
entitled "GNU Free Documentation License." Content derived from 
http://en.wikipedia.org/wiki/Love_Bites_(Def_Leppard_song) 

Modified in February 2010 by Mark Logic Corporation under the terms of the 
GNU Free Documentation License.-->
  <title href="http://en.wikipedia.org/wiki/Love_Bites_(Def_Leppard_song)" xmlns:ts="http://marklogic.com/MLU/top-songs">Love Bites</title>
  <artist href="http://en.wikipedia.org/wiki/Def_Leppard" xmlns:ts="http://marklogic.com/MLU/top-songs">Def Leppard</artist>
  <weeks last="1988-10-08">
    <week>1988-10-08</week>
  </weeks>
  <album url="http://upload.wikimedia.org/wikipedia/en/0/0e/Lovebites.jpg" uri="/images/Def-Leppard+Love-Bites.jpg">Hysteria</album>
  <released>1988</released>
  <formats>
    <format>7"</format>
  </formats>
  <recorded>1984-1987</recorded>
  <genres>
    <genre>Hard rock</genre>
  </genres>
  <lengths>
    <length>5:46</length>
  </lengths>
  <label>Mercury</label>
  <writers>
    <writer>Joe Elliott</writer>
    <writer>Phil Collen</writer>
    <writer>Steve Clark</writer>
    <writer>Rick Savage</writer>
    <writer>Robert John "Mutt" Lange</writer>
  </writers>
  <producers>
    <producer>Robert John "Mutt" Lange</producer>
  </producers>
  <descr>
    <p>"Love Bites" is a power ballad recorded by British rock band
    Def Leppard in 1987 on the album 
    <i>Hysteria</i>. It is Def Leppard's only number-one single on
    the Billboard Hot 100 to date.</p>
    <p>The title "Love Bites" was originally used for a very
    different song that was eventually re-titled "I Wanna Be Your
    Hero", and which appeared as a 
    <i>Hysteria</i>B-side and later on the album 
    <i>Retro Active</i>.</p>
    <p>Following the huge momentum generated by "Pour Some Sugar On
    Me", the song was released in August of 1988 and quickly shot
    to the top of the U.S. charts, dethroning Bobby McFerrin's
    "Don't Worry Be Happy". It stayed there for one week before
    giving up the position to UB40's "Red Red Wine". The song also
    hit number eleven in the UK (their second best showing from the
    album).</p>
    <p>"Love Bites" was ranked #8 on the list of "VH1's 25 Greatest
    Power Ballads" and #52 on the list of "VH1's 100 Greatest Love
    Songs".</p>
    <p>A popular rumor about the song concerns the final seconds.
    After the line "If you got love in your sights, Watch out, Love
    Bites", what is seemingly heard is "Jesus of Nazareth, Go to
    Hell". This rumor has been refuted by the band, most notably on
    a 
    <i>Hysteria</i>documentary. The line is in fact producer Mutt
    Lange rambling in a Yorkshire accent, to the effect of "Yes it
    does, It Will Be Hell", with the aid of a vocoder.</p>
    <p>http://www.youtube.com/watch?v=p6yQ73J5WEE</p>
    
  </descr>
</top-song>
