<top-song xmlns="http://marklogic.com/MLU/top-songs">
  <!--Copyright (c) 2010 Mark Logic Corporation. Permission is
granted to copy, distribute and/or modify this document under the terms of the
GNU Free Documentation License, Version 1.2 or any later version published by
the Free Software Foundation; with no Invariant Sections, no Front-Cover Texts,
and no Back-Cover Texts. A copy of the license is included in the section 
entitled "GNU Free Documentation License." Content derived from 
http://en.wikipedia.org/wiki/Love_Child_(song) 

Modified in February 2010 by Mark Logic Corporation under the terms of the 
GNU Free Documentation License.-->
  <title href="http://en.wikipedia.org/wiki/Love_Child_(song)" xmlns:ts="http://marklogic.com/MLU/top-songs">Love Child</title>
  <artist href="http://en.wikipedia.org/wiki/The_Supremes" xmlns:ts="http://marklogic.com/MLU/top-songs">Diana Ross &amp; the Supremes</artist>
  <weeks last="1968-12-07">
    <week>1968-11-30</week>
    <week>1968-12-07</week>
  </weeks>
  <album url="http://upload.wikimedia.org/wikipedia/en/thumb/b/bd/Lovechild-single-supremes.jpg/200px-Lovechild-single-supremes.jpg" uri="/images/Diana-Ross-the-Supremes+Love-Child.jpg">Love
  Child</album>
  <released>September 30, 1968</released>
  <formats>
    <format>Vinyl record (7" 45 RPM)</format>
  </formats>
  <recorded>Hitsville U.S.A. (Studio A); September 17, September
  19, and September 20, 1968</recorded>
  <genres>
    <genre>Pop</genre>
    <genre>psychedelic soul</genre>
  </genres>
  <lengths>
    <length>3:03</length>
  </lengths>
  <label>Motown , M 1135</label>
  <writers>
    <writer>R. Dean Taylor</writer>
    <writer>Frank Wilson</writer>
    <writer>Pam Sawyer</writer>
    <writer>Deke Richards</writer>
  </writers>
  <producers>
    <producer>The Clan</producer>
    <producer>(R. Dean Taylor</producer>
    <producer>Frank Wilson</producer>
    <producer>Pam Sawyer</producer>
    <producer>Deke Richards</producer>
    <producer>Henry Cosby)</producer>
  </producers>
  <descr>
    <p>"Love Child" is a 1968 hit single released by the Motown
    label as a single for Diana Ross &amp; the Supremes, although
    Diana Ross is the only member of the group present on the
    recorded release; it is the group's 11th number one song in
    America.</p>
    <p>The number-one single on the Billboard Hot 100 pop chart for
    four weeks, from November 24, 1968, to December 27, 1968 and
    reaching number two on the soul chart for three weeks, the song
    is notable for its then controversial subject matter of
    illegitimacy. It is also notable for knocking The Beatles'
    massive "Hey Jude" off the top spot in the United States, the
    last of five Beatles/Supremes replacements at number one on the
    US pop chart during the 1960s. The Supremes debuted the song on
    the season premiere of the CBS variety program 
    <i>The Ed Sullivan Show</i>on Sunday, September 29, 1968.</p>
    <p>In 1967, Diana Ross &amp; the Supremes, having dropped
    Florence Ballard, acquired new member Cindy Birdsong, and added
    Ross' name to the billing. Following this string of changes,
    the Supremes had mixed success on the pop charts. "Reflections"
    peaked at number 2 on the Billboard pop charts and "In and out
    of Love" peaked at 9, but the group's next two singles did not
    make the pop top twenty. Motown label chief Berry Gordy held a
    special meeting in a room at the Pontchartrain Hotel in
    Detroit, which was attended by a team of writers and producers
    at the label, including R. Dean Taylor, Frank Wilson, Pam
    Sawyer, Deke Richards, and Henry Cosby.</p>
    <p>The group, who named themselves The Clan, set to work on a
    hit single for Diana Ross &amp; the Supremes. Instead of
    composing another love-based song, the team decided to craft a
    tune about a woman who is asking her boyfriend not to pressure
    her into sleeping with him, for fear they would conceive a
    "love child." The woman, portrayed on the record by Diana Ross,
    is herself a love child, and, besides not having a father at
    home, had to endure wearing rags to school and growing up in an
    "old, cold, run-down tenement slum." The background vocals echo
    this sentiment, asking the boyfriend to please "wait/wait won't
    you wait now/hold on/wait/just a little bit longer.</p>
    <p>As was often the case with many of the records released
    under the "Diana Ross &amp; the Supremes" name, Supremes Mary
    Wilson and Cindy Birdsong do not appear on the record. Motown
    session singers The Andantes perform the background vocals,
    with all lead vocals by Diana Ross, who would leave the group
    in a year for a solo career.</p>
    <p>The resulting track had a decidedly different feel than
    previous Supremes singles, not only because of its
    change-of-pace subject matter, but also because of The Clan's
    production, which gave the melodramatic tale a driving, almost
    hedonistic rhythm.</p>
    <p>The public responded immediately to "Love Child" when it was
    released as a single on September 30, 1968; the song rose to
    number one on the Billboard Hot 100 and outsold all of the
    group's previous or subsequent 45 releases. In the UK singles
    chart, the song peaked at no. 15. "Love Child" became the title
    track of Diana Ross &amp; the Supremes' 
    <i>Love Child</i>album, released on November 13, 1968.</p>
    <p>The song was covered by Sweet Sensation as a major pop hit,
    and later by the rock group Broadzilla, as well as Canadian pop
    group One 2 One. Janet Jackson sampled "Love Child" in her 1994
    single "You Want This".</p>
    <p>
    <i>Meet The Supremes</i>(1962)
    <span style="font-weight:bold;"> ·</span>
    <i>Where Did Our Love Go</i>(1964)
    <span style="font-weight:bold;"> ·</span>
    <i>More Hits by The Supremes</i>(1965)
    <span style="font-weight:bold;"> ·</span>
    <i>I Hear a Symphony</i>(1966)
    <span style="font-weight:bold;"> ·</span>
    <i>Merry Christmas</i>(1965)
    <span style="font-weight:bold;"> ·</span>
    <i>The Supremes A' Go-Go</i>(1966)
    <span style="font-weight:bold;"> ·</span>
    <i>The Supremes Sing Holland–Dozier–Holland</i>(1967)
    <span style="font-weight:bold;"> ·</span>
    <i>Reflections</i>(1968)
    <span style="font-weight:bold;"> ·</span>
    <i>Love Child</i>(1968)
    <span style="font-weight:bold;"> ·</span>
    <i>Let the Sunshine In</i>(1969)
    <span style="font-weight:bold;"> ·</span>
    <i>Cream of the Crop</i>(1969)
    <span style="font-weight:bold;"> ·</span>
    <i>Right On</i>(1970)
    <span style="font-weight:bold;"> ·</span>
    <i>New Ways but Love Stays</i>(1970)
    <span style="font-weight:bold;"> ·</span>
    <i>Touch</i>(1971)
    <span style="font-weight:bold;"> ·</span>
    <i>Floy Joy</i>(1972)
    <span style="font-weight:bold;"> ·</span>
    <i>The Supremes Produced and Arranged by Jimmy Webb</i>(1972)
    <span style="font-weight:bold;"> ·</span>
    <i>The Supremes</i>(1975)
    <span style="font-weight:bold;"> ·</span>
    <i>High Energy</i>(1976)
    <span style="font-weight:bold;"> ·</span>
    <i>Mary, Scherrie &amp; Susaye</i>(1976)</p>
    <p>
    <i>Diana Ross &amp; the Supremes Join The Temptations</i>(1968)
    <span style="font-weight:bold;"> ·</span>
    <i>Together</i>(1969)
    <span style="font-weight:bold;"> ·</span>
    <i>The Magnificent 7</i>(1970)
    <span style="font-weight:bold;"> ·</span>
    <i>The Return of the Magnificent 7</i>(1971)
    <span style="font-weight:bold;"> ·</span>
    <i>Dynamite!</i>(1971)</p>
    <p>
    <i>The Supremes at the Copa</i>(1965)
    <span style="font-weight:bold;"> ·</span>
    <i>Live at London's Talk of the Town</i>(1968)
    <span style="font-weight:bold;"> ·</span>
    <i>TCB</i>(1968)
    <span style="font-weight:bold;"> ·</span>
    <i>On Broadway</i>(1969)
    <span style="font-weight:bold;"> ·</span>
    <i>Farewell</i>(1970)
    <span style="font-weight:bold;"> ·</span>
    <i>The Supremes Live! In Japan</i>(1973)</p>
    <p>
    <i>A Bit of Liverpool</i>(1964)
    <span style="font-weight:bold;"> ·</span>
    <i>The Supremes Sing Country, Western and Pop</i>(1965)
    <span style="font-weight:bold;"> ·</span>
    <i>We Remember Sam Cooke</i>(1965)
    <span style="font-weight:bold;"> ·</span>
    <i>The Supremes Sing Rodgers &amp; Hart</i>(1967)
    <span style="font-weight:bold;"> ·</span>
    <i>Diana Ross &amp; the Supremes Sing and Perform "Funny
    Girl"</i>(1968)</p>
    <p>"Where Did Our Love Go"
    <span style="font-weight:bold;"> ·</span>"Baby Love"
    <span style="font-weight:bold;"> ·</span>"Come See About
    Me"
    <span style="font-weight:bold;"> ·</span>"Stop! In the
    Name of Love"
    <span style="font-weight:bold;"> ·</span>"Back in My Arms
    Again"
    <span style="font-weight:bold;"> ·</span>"I Hear a
    Symphony"
    <span style="font-weight:bold;"> ·</span>"My World Is
    Empty Without You"
    <span style="font-weight:bold;"> ·</span>"Love Is Like an
    Itching in My Heart"
    <span style="font-weight:bold;"> ·</span>"You Can't Hurry
    Love"
    <span style="font-weight:bold;"> ·</span>"You Keep Me
    Hangin' On"
    <span style="font-weight:bold;"> ·</span>"Love Is Here and
    Now You're Gone"
    <span style="font-weight:bold;"> ·</span>"The Happening"
    <span style="font-weight:bold;"> ·</span>"Reflections"
    <span style="font-weight:bold;"> ·</span>"In and out of
    Love"
    <span style="font-weight:bold;"> ·</span>"
    <strong class="selflink">
Love Child
</strong>"
    <span style="font-weight:bold;"> ·</span>"I'm Gonna Make
    You Love Me"
    <span style="font-weight:bold;"> ·</span>"I'm Livin' in
    Shame"
    <span style="font-weight:bold;"> ·</span>"Someday We'll Be
    Together"
    <span style="font-weight:bold;"> ·</span>"Up the Ladder to
    the Roof"
    <span style="font-weight:bold;"> ·</span>"Stoned Love"
    <span style="font-weight:bold;"> ·</span>"River Deep –
    Mountain High"
    <span style="font-weight:bold;"> ·</span>"Nathan Jones"
    <span style="font-weight:bold;"> ·</span>"Floy Joy"
    <span style="font-weight:bold;"> ·</span>"Automatically
    Sunshine"</p>
    <p>
      <i>The T.A.M.I. Show</i>
      <span style="font-weight:bold;"> ·</span>
      <i>Greatest Hits: Live in Amsterdam</i>
      <span style="font-weight:bold;"> ·</span>
      <i>Reflections: The Definitive Performances (1964–1969)</i>
      <span style="font-weight:bold;"> ·</span>
      <i>Motown 25: Yesterday, Today, Forever</i>
    </p>
    <p>Discography
    <span style="font-weight:bold;"> ·</span>Timeline
    <span style="font-weight:bold;"> ·</span>Chronology
    <span style="font-weight:bold;"> ·</span>Members
    <span style="font-weight:bold;"> ·</span>(Broadway
    musical)
    <span style="font-weight:bold;"> ·</span>(film)
    <span style="font-weight:bold;"> ·</span>Berry Gordy
    <span style="font-weight:bold;">
     ·</span>Holland–Dozier–Holland
    <span style="font-weight:bold;"> ·</span>FLOS</p>
  </descr>
</top-song>
