<top-song xmlns="http://marklogic.com/MLU/top-songs">
  <!--Copyright (c) 2010 Mark Logic Corporation. Permission is
granted to copy, distribute and/or modify this document under the terms of the
GNU Free Documentation License, Version 1.2 or any later version published by
the Free Software Foundation; with no Invariant Sections, no Front-Cover Texts,
and no Back-Cover Texts. A copy of the license is included in the section 
entitled "GNU Free Documentation License." Content derived from 
http://en.wikipedia.org/wiki/Touch_Me_in_the_Morning 

Modified in February 2010 by Mark Logic Corporation under the terms of the 
GNU Free Documentation License.-->
  <title href="http://en.wikipedia.org/wiki/Touch_Me_in_the_Morning" xmlns:ts="http://marklogic.com/MLU/top-songs">Touch Me in the Morning</title>
  <artist href="http://en.wikipedia.org/wiki/Diana_Ross" xmlns:ts="http://marklogic.com/MLU/top-songs">Diana Ross</artist>
  <weeks last="1973-08-18">
    <week>1973-08-18</week>
  </weeks>
  <album url="http://upload.wikimedia.org/wikipedia/en/thumb/9/98/Touch-me-in-the-morning.jpg/200px-Touch-me-in-the-morning.jpg" uri="/images/Diana-Ross+Touch-Me-in-the-Morning.jpg">Touch Me in
  the Morning</album>
  <released>1973</released>
  <recorded>1973</recorded>
  <genres>
    <genre>pop music</genre>
    <genre>rhythm and blues</genre>
  </genres>
  <label>Motown</label>
  <descr>
    <p>"Touch Me in the Morning" is a popular song recorded by
    Diana Ross on the Motown label. It became her second Billboard
    Pop number one single in 1973.</p>
    <p>This song was conceived by then-unproven songwriter and
    producer Michael Masser, who had been recruited by Motown CEO,
    Berry Gordy, and A&amp;R chief, Suzanne de Passe, to create
    another huge hit recording three years after Ross' successful
    solo debut album, for which she recorded a 1970 cover of
    Ashford and Simpson's "Ain't No Mountain High Enough". Masser
    teamed up with the proven ballad lyricist Ron Miller to write
    this song.</p>
    <p>According to Masser, in a video documentary about Ross, the
    singer "always tried to push hard to get the vocals right for
    this particular song", calling it a "draining experience" that
    resulted in several near-emotional breakdowns by Ross when she
    felt the song wasn't up to her abilities. The song was recorded
    in the early morning hours, as was Diana Ross' custom after she
    began raising her children. According to Ross' second-oldest
    daughter, Tracee Ellis Ross, during a Barbara Walters Mother's
    Day interview special, her mother would put them to bed, record
    all evening, in order to wake her children &amp; send them to
    school the next morning. At this time, Mrs. Ernestine Ross,
    Diana's mother, handled the evening babysitting duties.</p>
    <p>Motown released the song as a single and the song hit number
    one on the Billboard Hot 100 singles chart, becoming Ross'
    longest-charting record, remaining on the chart for 21 weeks.
    It also spent a week at #1 on the adult contemporary chart, the
    singer's first #1 on this chart. Sherlie Matthews, Clydie King
    and Venetta Fields sang background vocals for Miss Ross's
    recording.</p>
    <p>This song marked a turning point in both the careers of
    Diana Ross and Mr. Masser as it reinvigorated Ross's singing
    career coming immediately after her Academy Award nomination
    for Best Actress for her acting debut in 
    <i>Lady Sings the Blues</i>, and it introduced Masser to an
    audience that would become accustomed to his prowess at writing
    good love songs.</p>
    <p>"Ain't No Mountain High Enough"
    <span style="font-weight:bold;"> ·</span>"Remember Me"
    <span style="font-weight:bold;"> ·</span>"I'm Still
    Waiting"
    <span style="font-weight:bold;"> ·</span>"Surrender"
    <span style="font-weight:bold;"> ·</span>"
    <strong class="selflink">
Touch Me in the Morning
</strong>"
    <span style="font-weight:bold;"> ·</span>"All of My Life"
    <span style="font-weight:bold;"> ·</span>"You Are
    Everything"
    <span style="font-weight:bold;"> ·</span>"Theme from (Do
    You Know Where You're Going To)"
    <span style="font-weight:bold;"> ·</span>"Love Hangover"
    <span style="font-weight:bold;"> ·</span>"Upside Down"
    <span style="font-weight:bold;"> ·</span>"I'm Coming Out"
    <span style="font-weight:bold;"> ·</span>"My Old Piano"
    <span style="font-weight:bold;"> ·</span>"It's My Turn"
    <span style="font-weight:bold;"> ·</span>"Endless Love"
    <span style="font-weight:bold;"> ·</span>"Why Do Fools
    Fall in Love"
    <span style="font-weight:bold;"> ·</span>"Mirror, Mirror"
    <span style="font-weight:bold;"> ·</span>"Work That Body"
    <span style="font-weight:bold;"> ·</span>"Muscles"
    <span style="font-weight:bold;"> ·</span>"Missing You"
    <span style="font-weight:bold;"> ·</span>"Chain Reaction"
    <span style="font-weight:bold;"> ·</span>"When You Tell Me
    That You Love Me"
    <span style="font-weight:bold;"> ·</span>"One Shining
    Moment"
    <span style="font-weight:bold;"> ·</span>"Not Over You
    Yet"</p>
    <p>
    <i>Lady Sings the Blues</i>(1972)
    <span style="font-weight:bold;"> ·</span>
    <i>Mahogany</i>(1975)
    <span style="font-weight:bold;"> ·</span>
    <i>The Wiz</i>(1978)
    <span style="font-weight:bold;"> ·</span>
    <i>Out of Darkness</i>(1994)
    <span style="font-weight:bold;"> ·</span>
    <i>Double Platinum</i>(1999)</p>
    <p>Discography
    <span style="font-weight:bold;"> ·</span>The Supremes
    <span style="font-weight:bold;"> ·</span>Berry Gordy
    <span style="font-weight:bold;"> ·</span>Rhonda Ross
    Kendrick
    <span style="font-weight:bold;"> ·</span>Tracee Ellis Ross
    <span style="font-weight:bold;"> ·</span>Evan Ross
    <span style="font-weight:bold;"> ·</span>Arne Næss, Jr.
    <span style="font-weight:bold;"> ·</span>List of awards
    and nominations received by Diana Ross
    <span style="font-weight:bold;"> ·</span>Diana Ross
    Playground</p>
  </descr>
</top-song>
