<top-song xmlns="http://marklogic.com/MLU/top-songs">
  <!--Copyright (c) 2010 Mark Logic Corporation. Permission is
granted to copy, distribute and/or modify this document under the terms of the
GNU Free Documentation License, Version 1.2 or any later version published by
the Free Software Foundation; with no Invariant Sections, no Front-Cover Texts,
and no Back-Cover Texts. A copy of the license is included in the section 
entitled "GNU Free Documentation License." Content derived from 
http://en.wikipedia.org/wiki/Theme_from_Mahogany_(Do_You_Know_Where_You%27re_Going_To) 

Modified in February 2010 by Mark Logic Corporation under the terms of the 
GNU Free Documentation License.-->
  <title href="http://en.wikipedia.org/wiki/Theme_from_Mahogany_(Do_You_Know_Where_You%27re_Going_To)" xmlns:ts="http://marklogic.com/MLU/top-songs">Theme from Mahogany (Do You Know Where You're Going To)</title>
  <artist href="http://en.wikipedia.org/wiki/Diana_Ross" xmlns:ts="http://marklogic.com/MLU/top-songs">Diana Ross</artist>
  <weeks last="1976-01-24">
    <week>1976-01-24</week>
  </weeks>
  <album url="http://upload.wikimedia.org/wikipedia/en/9/90/Mahogany-cover.jpg" uri="/images/Diana-Ross+Theme-from-Mahogany-Do-You-Know-Where-You-re-Going-To.jpg">
  Mahogany, a Berry Gordy film: Original Motion Picture
  Soundtrack</album>
  <released>September 24, 1975 ( U.S. )</released>
  <formats>
    <format>7" single</format>
  </formats>
  <genres>
    <genre>R&amp;B</genre>
  </genres>
  <lengths>
    <length>3:23</length>
  </lengths>
  <label>Motown , M 1377</label>
  <writers>
    <writer>Michael Masser</writer>
    <writer>Gerald Goffin</writer>
  </writers>
  <producers>
    <producer>Michael Masser</producer>
  </producers>
  <descr>
    <p>"Theme from (Do You Know Where You're Going To)" is a song
    written by Michael Masser and Gerald Goffin, and recorded by
    American singer Diana Ross as the theme to the 1975
    Motown/Paramount film 
    <i>Mahogany</i>(see 1975 in music). Produced by Masser, the
    song is a ballad that portrays its protagonist (Ross) as a poor
    African-American who becomes a successful Rome fashion
    designer, in keeping with the film the song was featured in.
    Remembering the happiness she had in the past, the song's
    character faces the reality of a loveless future and decisions
    that brought her to this point. The chorus, "Do you know where
    you're going to, do you like the things that life is showing
    you," exemplifies the song's theme of nostalgia and loss.</p>
    <p>Recorded with a full orchestral accompaniment, the "Theme
    from 
    <i>Mahogany</i>" became one of the most recognizable elements
    of the film 
    <i>Mahogany.</i>Many critics reviewed the film unfavorably, but
    generally praised the song. Later released as a single, "Theme
    from 
    <i>Mahogany</i>" became a number-one hit on the U.S. Billboard
    Hot 100, and was nominated for the Academy Award for Best Song.
    Ross performed the song live at the Academy Awards ceremony via
    satellite from the Netherlands.</p>
    <p>According to Diana Ross biographer J. Randy Taraborelli, "Do
    You Know Where You're Going To" had "been floating around
    Motown for years" and a version for Thelma Houston was being
    prepped for single release when it was decided to have Ross
    record the song to serve as the theme song for 
    <i>Mahogany</i>.</p>
    <p>Shirley Bassey covered the song on her 1995 album 
    <i>Sings the Movies</i>.</p>
    <p>In the late 1990s two Sony Music recording artists, Mariah
    Carey and Jennifer Lopez, both recorded covers of "Do You Know
    Where You're Going To" at the same time. The Mariah Carey
    version, co-produced by Carey and Stevie J and recorded in
    1998, was intended to be released as a single from her
    compilation album 
    <i>#1's</i>. During the same period, actress Jennifer Lopez
    signed to Sony and recorded the song for her debut album 
    <i>On the 6</i>. Executives at Sony decided that both versions
    would only be released as bonus tracks outside the U.S.
    Although Carey's version was later given a limited release,
    pressure for her to complete a new studio album interfered with
    the song's promotion, which was halted prematurely as a result.
    The song was then reissued in a remixed version as a
    promotional single for 
    <i>#1's</i>in 1999, and included on French editions of Carey's
    ninth album, 
    <i>Rainbow</i>. It did appear in the U.S., however, on the
    Wal-Mart-only EP 
    <i>Valentines</i>and on the Philippine version of 
    <i>#1's</i>. The same year, Lopez's version was issued only in
    the Netherlands and the Philippines as a bonus track for 
    <i>On the 6.</i></p>
    <p>Dutch singer Patricia Paay recorded the song in 1995 for her
    movie song album, 
    <i>Time Of My Life</i>.</p>
    <p>Punk rock band Pinhead Gunpowder recorded a 2-minute version
    of the song, simply called "Mahogany", on 
    <i>Carry the Banner</i>.</p>
    <p>Da Band, a rap group put together by Sean Combs, covered the
    song, simply titled "Do You Know", on their debut album, 
    <i>Too Hot for TV</i>.</p>
    <p>The punk rock cover band Me First and the Gimme Gimmes
    covered the song on their 2008 album 
    <i>Have Another Ball!</i>, though it was simply called
    "Mahogany".</p>
    <p>Hong Kong singer Janice Vidal covered the song on her third
    studio album, 
    <i>Do U Know</i>in 2006.</p>
    <p>Australian singer Tina Arena recorded the song in 2007 for
    her sixth studio album, 
    <i>Songs of Love &amp; Loss</i>.</p>
    <p>European singer Lara Fabian recorded the song in 2009 for
    her new album, 
    <i>Every Women In Me</i>.</p>
    <p>The chorus of "Theme from Mahogany (Do You Know Where You're
    Going To)" is sung by Slick Rick at the end of his song
    "Teenage Love" from the album 
    <i>The Great Adventures of Slick Rick.</i>The single went to #8
    on the Billboard Hot Rap Singles Chart in 1988. The chorus is
    also used in the songs "Life" by Chubb Rock and "Do You Know"
    by Erick Sermon. In the episode "Rosebud" of the animated
    series 
    <i>The Simpsons</i>the chorus is played during a slide show of
    scenes from Mr. Burns' life. In an episode of 
    <i>Everybody Hates Chris</i>when Chris lies to his mother about
    having a good math grade she shows up at his math class and
    fearing his death his life flashes before his eyes and the song
    is played as this happens.</p>
    <p>"Ain't No Mountain High Enough"
    <span style="font-weight:bold;"> ·</span>"Remember Me"
    <span style="font-weight:bold;"> ·</span>"I'm Still
    Waiting"
    <span style="font-weight:bold;"> ·</span>"Surrender"
    <span style="font-weight:bold;"> ·</span>"Touch Me in the
    Morning"
    <span style="font-weight:bold;"> ·</span>"All of My Life"
    <span style="font-weight:bold;"> ·</span>"You Are
    Everything"
    <span style="font-weight:bold;"> ·</span>"
    <strong class="selflink">
Theme from 
<i>Mahogany</i> (Do You Know Where You're Going To)
</strong>"
    <span style="font-weight:bold;"> ·</span>"Love Hangover"
    <span style="font-weight:bold;"> ·</span>"Upside Down"
    <span style="font-weight:bold;"> ·</span>"I'm Coming Out"
    <span style="font-weight:bold;"> ·</span>"My Old Piano"
    <span style="font-weight:bold;"> ·</span>"It's My Turn"
    <span style="font-weight:bold;"> ·</span>"Endless Love"
    <span style="font-weight:bold;"> ·</span>"Why Do Fools
    Fall in Love"
    <span style="font-weight:bold;"> ·</span>"Mirror, Mirror"
    <span style="font-weight:bold;"> ·</span>"Work That Body"
    <span style="font-weight:bold;"> ·</span>"Muscles"
    <span style="font-weight:bold;"> ·</span>"Missing You"
    <span style="font-weight:bold;"> ·</span>"Chain Reaction"
    <span style="font-weight:bold;"> ·</span>"When You Tell Me
    That You Love Me"
    <span style="font-weight:bold;"> ·</span>"One Shining
    Moment"
    <span style="font-weight:bold;"> ·</span>"Not Over You
    Yet"</p>
    <p>
    <i>Lady Sings the Blues</i>(1972)
    <span style="font-weight:bold;"> ·</span>
    <i>Mahogany</i>(1975)
    <span style="font-weight:bold;"> ·</span>
    <i>The Wiz</i>(1978)
    <span style="font-weight:bold;"> ·</span>
    <i>Out of Darkness</i>(1994)
    <span style="font-weight:bold;"> ·</span>
    <i>Double Platinum</i>(1999)</p>
    <p>Discography
    <span style="font-weight:bold;"> ·</span>The Supremes
    <span style="font-weight:bold;"> ·</span>Berry Gordy
    <span style="font-weight:bold;"> ·</span>Rhonda Ross
    Kendrick
    <span style="font-weight:bold;"> ·</span>Tracee Ellis Ross
    <span style="font-weight:bold;"> ·</span>Evan Ross
    <span style="font-weight:bold;"> ·</span>Arne Næss, Jr.
    <span style="font-weight:bold;"> ·</span>List of awards
    and nominations received by Diana Ross
    <span style="font-weight:bold;"> ·</span>Diana Ross
    Playground</p>
  </descr>
</top-song>
