<top-song xmlns="http://marklogic.com/MLU/top-songs">
  <!--Copyright (c) 2010 Mark Logic Corporation. Permission is
granted to copy, distribute and/or modify this document under the terms of the
GNU Free Documentation License, Version 1.2 or any later version published by
the Free Software Foundation; with no Invariant Sections, no Front-Cover Texts,
and no Back-Cover Texts. A copy of the license is included in the section 
entitled "GNU Free Documentation License." Content derived from 
http://en.wikipedia.org/wiki/Upside_Down 

Modified in February 2010 by Mark Logic Corporation under the terms of the 
GNU Free Documentation License.-->
  <title href="http://en.wikipedia.org/wiki/Upside_Down" xmlns:ts="http://marklogic.com/MLU/top-songs">Upside Down</title>
  <artist href="http://en.wikipedia.org/wiki/Diana_Ross" xmlns:ts="http://marklogic.com/MLU/top-songs">Diana Ross</artist>
  <weeks last="1980-09-27">
    <week>1980-09-06</week>
    <week>1980-09-13</week>
    <week>1980-09-20</week>
    <week>1980-09-27</week>
  </weeks>
  <album url="http://upload.wikimedia.org/wikipedia/en/f/f0/DianaRossUpsideDown7InchSingleCover.jpg" uri="/images/Diana-Ross+Upside-Down.jpg">diana</album>
  <released>1980</released>
  <recorded>1979</recorded>
  <genres>
    <genre>Disco / funk</genre>
  </genres>
  <lengths>
    <length>4:05</length>
  </lengths>
  <label>Motown</label>
  <writers>
    <writer>Nile Rodgers</writer>
    <writer>Bernard Edwards</writer>
  </writers>
  <producers>
    <producer>Nile Rodgers and Bernard Edwards for Chic</producer>
  </producers>
  <descr>
    <p>"Upside Down" is a song by Diana Ross released on the Motown
    label. It was the first single taken from her 1980 album 
    <i>diana</i>and hit number one on the Billboard Hot 100 on
    September 6, 1980. It also hit number one on the Billboard
    Disco/Dance and R&amp;B charts. The single was also a big hit
    internationally, topping the singles charts in Italy, Norway
    and Switzerland. It also rose to #2 on the UK Singles Chart,
    marking the highest peak performance from Ross as a solo artist
    since "I'm Still Waiting" in 1971.</p>
    <p>The song listed at #62 on 
    <i>Billboard'</i>s "Greatest Songs of All Time"</p>
    <p>The song was written by Bernard Edwards and Nile Rodgers (of
    the band Chic) with (like all of the songs for the album diana)
    Aretha Franklin in mind to record. When Franklin turned the
    offer to record the album down Motown pass the material and
    project to Ross.</p>
    <p>The song would be later covered and sampled by the likes of
    Salt-N-Pepa, Missy Elliott, Alcazar, Puff Daddy and MC Lyte and
    Jack Johnson, who had a hit under the "Upside Down" sample in
    Lyte's 1996 hit, "Cold Rock a Party".</p>
    <p>The song was later covered by Destiny's Child during a
    tribute show honoring Ross and her career on a VH1 
    <i>Divas</i>special. Their version is featured on their album 
    <i>Single Remix Tracks</i>.</p>
    <p>In 1994, the song was used in 
    <i>Disney Sing Along Songs: Let's Go to the Circus</i>.</p>
    <p>In 1997, Ross performed the song live with British band
    Jamiroquai at "The Brit Awards" ceremony.</p>
    <p>"Ain't No Mountain High Enough"
    <span style="font-weight:bold;"> ·</span>"Remember Me"
    <span style="font-weight:bold;"> ·</span>"I'm Still
    Waiting"
    <span style="font-weight:bold;"> ·</span>"Surrender"
    <span style="font-weight:bold;"> ·</span>"Touch Me in the
    Morning"
    <span style="font-weight:bold;"> ·</span>"All of My Life"
    <span style="font-weight:bold;"> ·</span>"You Are
    Everything"
    <span style="font-weight:bold;"> ·</span>"Theme from (Do
    You Know Where You're Going To)"
    <span style="font-weight:bold;"> ·</span>"Love Hangover"
    <span style="font-weight:bold;"> ·</span>"
    <strong class="selflink">
Upside Down
</strong>"
    <span style="font-weight:bold;"> ·</span>"I'm Coming Out"
    <span style="font-weight:bold;"> ·</span>"My Old Piano"
    <span style="font-weight:bold;"> ·</span>"It's My Turn"
    <span style="font-weight:bold;"> ·</span>"Endless Love"
    <span style="font-weight:bold;"> ·</span>"Why Do Fools
    Fall in Love"
    <span style="font-weight:bold;"> ·</span>"Mirror, Mirror"
    <span style="font-weight:bold;"> ·</span>"Work That Body"
    <span style="font-weight:bold;"> ·</span>"Muscles"
    <span style="font-weight:bold;"> ·</span>"Missing You"
    <span style="font-weight:bold;"> ·</span>"Chain Reaction"
    <span style="font-weight:bold;"> ·</span>"When You Tell Me
    That You Love Me"
    <span style="font-weight:bold;"> ·</span>"One Shining
    Moment"
    <span style="font-weight:bold;"> ·</span>"Not Over You
    Yet"</p>
    <p>
    <i>Lady Sings the Blues</i>(1972)
    <span style="font-weight:bold;"> ·</span>
    <i>Mahogany</i>(1975)
    <span style="font-weight:bold;"> ·</span>
    <i>The Wiz</i>(1978)
    <span style="font-weight:bold;"> ·</span>
    <i>Out of Darkness</i>(1994)
    <span style="font-weight:bold;"> ·</span>
    <i>Double Platinum</i>(1999)</p>
    <p>Discography
    <span style="font-weight:bold;"> ·</span>The Supremes
    <span style="font-weight:bold;"> ·</span>Berry Gordy
    <span style="font-weight:bold;"> ·</span>Rhonda Ross
    Kendrick
    <span style="font-weight:bold;"> ·</span>Tracee Ellis Ross
    <span style="font-weight:bold;"> ·</span>Evan Ross
    <span style="font-weight:bold;"> ·</span>Arne Næss, Jr.
    <span style="font-weight:bold;"> ·</span>List of awards
    and nominations received by Diana Ross
    <span style="font-weight:bold;"> ·</span>Diana Ross
    Playground</p>
  </descr>
</top-song>
