<top-song xmlns="http://marklogic.com/MLU/top-songs">
  <!--Copyright (c) 2010 Mark Logic Corporation. Permission is
granted to copy, distribute and/or modify this document under the terms of the
GNU Free Documentation License, Version 1.2 or any later version published by
the Free Software Foundation; with no Invariant Sections, no Front-Cover Texts,
and no Back-Cover Texts. A copy of the license is included in the section 
entitled "GNU Free Documentation License." Content derived from 
http://en.wikipedia.org/wiki/Hotel_California_(song) 

Modified in February 2010 by Mark Logic Corporation under the terms of the 
GNU Free Documentation License.-->
  <title href="http://en.wikipedia.org/wiki/Hotel_California_(song)" xmlns:ts="http://marklogic.com/MLU/top-songs">Hotel California</title>
  <artist href="http://en.wikipedia.org/wiki/Eagles" xmlns:ts="http://marklogic.com/MLU/top-songs">Eagles</artist>
  <weeks last="1977-05-07">
    <week>1977-05-07</week>
  </weeks>
  <album url="http://upload.wikimedia.org/wikipedia/en/thumb/2/26/SteelyKnifes.jpg/200px-SteelyKnifes.jpg" uri="/images/Eagles+Hotel-California.jpg">Hotel
  California</album>
  <released>February 1977</released>
  <formats>
    <format>7" single</format>
  </formats>
  <recorded>1976</recorded>
  <genres>
    <genre>Rock</genre>
  </genres>
  <lengths>
    <length>6:31</length>
  </lengths>
  <label>Asylum</label>
  <writers>
    <writer>Don Felder</writer>
    <writer>Glenn Frey</writer>
    <writer>Don Henley</writer>
  </writers>
  <producers>
    <producer>Bill Szymczyk</producer>
  </producers>
  <descr>
    <p>"Hotel California" is the title song from the Eagles' album
    of the same name and was released as a single in early 1977. It
    is one of the best-known songs of the album-oriented rock era.
    Writing credits for the song are shared by Don Felder, Don
    Henley and Glenn Frey. The Eagles' original recording of the
    song features Henley singing the lead vocals and concludes with
    an extended section of electric guitar interplay between Felder
    and Joe Walsh.</p>
    <p>"Hotel California" topped the Billboard Hot 100 singles
    chart for one week in May 1977. Three months after its release,
    the single was certified Gold by the Recording Industry
    Association of America representing 1,000,000 records shipped.
    The Eagles also won the 1977 Grammy Award for Record of the
    Year for "Hotel California" at the 20th Annual Grammy Awards in
    1978.</p>
    <p>In 2009, the song "Hotel California" was certified Platinum
    (Digital Sales Award) by the RIAA for sales of 1,000,000
    digital downloads.</p>
    <p>The song is rated highly in many rock music lists and polls.
    
    <i>Rolling Stone</i>magazine, for example, placed it as the
    49th greatest song of all time. It is also one of The Rock and
    Roll Hall of Fame's 500 Songs that Shaped Rock and Roll. The
    song's guitar solo is ranked 8th on 
    <i>Guitar Magazine'</i>s Top 100 Guitar Solos.</p>
    <p>As one of the group's most popular and well-known songs,
    "Hotel California" has been a concert staple for the band since
    its release; performances of the song appear on the Eagles'
    1980 live album and, in an acoustic version, on the 1994 
    <i>Hell Freezes Over</i>reunion concert CD and video release.
    The "Hell Freezes Over" version is performed using eight
    guitars in total, and has a decidedly Spanish feel to it - with
    Don Felder playing a flamenco-inspired intro. During the band's
    Farewell 1 Tour-Live from Melbourne the song was performed in a
    manner closer to the original album version, but with a trumpet
    interlude in the beginning.</p>
    <p>The song is a playable track on the video game 
    <i>Guitar Hero World Tour</i>.</p>
    <p>The song's lyrics describe the title establishment as a
    luxury resort where "you can check out anytime you like, but
    you can never leave." On the surface, the song tells the tale
    of a weary traveler who becomes trapped in a nightmarish luxury
    hotel that at first appeared inviting and tempting. The song is
    an allegory about hedonism and self-destruction in the Southern
    California music industry of the late 1970s; Don Henley called
    it "our interpretation of the high life in Los Angeles" and
    later reiterated "it's basically a song about the dark
    underbelly of the American dream and about excess in America,
    which is something we knew a lot about." In 2008, Don Felder
    described the origins of the lyrics:</p>
    <p>"Don Henley and Glenn wrote most of the words. All of us
    kind of drove into LA at night. Nobody was from California, and
    if you drive into LA at night... you can just see this glow on
    the horizon of lights, and the images that start running
    through your head of Hollywood and all the dreams that you
    have, and so it was kind of about that... what we started
    writing the song about. Coming into LA... and from that 
    <i>Life In The Fast Lane</i>came out of it, and 
    <i>Wasted Time</i>and a bunch of other songs.":</p>
    <p>The abstract nature of the lyrics has led listeners to their
    own interpretations over the years. In the 1980s, some
    Christian evangelists alleged that "Hotel California" referred
    to a San Francisco hotel purchased by Anton LaVey and converted
    into the Church of Satan. Other rumors suggested that the Hotel
    California was the Camarillo State Mental Hospital. These
    claims have been consistently refuted by the band.</p>
    <p>The term "colitas" in the first stanza of the song is a
    Spanish term for "little tails" and a reference to the buds of
    the Cannabis plant.</p>
    <p>In a 2009 interview, Plain Dealer music critic John Soeder
    asked Don Henley this about the lyrics:</p>
    <p>On "Hotel California," you sing: "So I called up the captain
    / 'Please bring me my wine' / He said, 'We haven't had that
    spirit here since 1969.'" I realize I'm probably not the first
    to bring this to your attention, but wine isn't a spirit. Wine
    is fermented; spirits are distilled. Do you regret that
    lyric?</p>
    <p>Henley responded,</p>
    <p>"Thanks for the tutorial and, no, you're not the first to
    bring this to my attention—and you're not the first to
    completely misinterpret the lyric and miss the metaphor.
    Believe me, I've consumed enough alcoholic beverages in my time
    to know how they are made and what the proper nomenclature is.
    But that line in the song has little or nothing to do with
    alcoholic beverages. It's a sociopolitical statement. My only
    regret would be having to explain it in detail to you, which
    would defeat the purpose of using literary devices in
    songwriting and lower the discussion to some silly and
    irrelevant argument about chemical processes."</p>
    <p>According to Glenn Frey's liner notes for 
    <i>The Very Best of Eagles,</i>the use of the word "steely" in
    the lyric (referring to knives) was a playful nod to band
    Steely Dan, who had included the lyric "Turn up the Eagles, the
    neighbors are listening" in their song "Everything You
    Did."</p>
    <p>Many cover versions of "Hotel California" have been
    released:</p>
    <p>Parodies include:</p>
    <p>
      <span style="white-space:nowrap">"Nel blu dipinto di blu
      (Volare)" ·</span>
      <span style="white-space:nowrap">"Mack the
      Knife" ·</span>
      <span style="white-space:nowrap">"Theme from A Summer
      Place" ·</span>
      <span style="white-space:nowrap">"Moon River" ·</span>
      <span style="white-space:nowrap">"I Left My Heart in San
      Francisco" ·</span>
      <span style="white-space:nowrap">"Days of Wine and
      Roses" ·</span>
      <span style="white-space:nowrap">"The Girl from
      Ipanema" ·</span>
      <span style="white-space:nowrap">"A Taste of
      Honey" ·</span>
      <span style="white-space:nowrap">"Strangers in the
      Night" ·</span>
      <span style="white-space:nowrap">"Up, Up and
      Away" ·</span>
      <span style="white-space:nowrap">"Mrs. Robinson"</span>
    </p>
    <p>
      <span style="white-space:nowrap">"Aquarius/Let the Sunshine
      In" ·</span>
      <span style="white-space:nowrap">"Bridge over Troubled
      Water" ·</span>
      <span style="white-space:nowrap">"It's Too
      Late" ·</span>
      <span style="white-space:nowrap">"The First Time Ever I Saw
      Your Face" ·</span>
      <span style="white-space:nowrap">"Killing Me Softly with His
      Song" ·</span>
      <span style="white-space:nowrap">"I Honestly Love
      You" ·</span>
      <span style="white-space:nowrap">"Love Will Keep Us
      Together" ·</span>
      <span style="white-space:nowrap">"This
      Masquerade" ·</span>
      <span style="white-space:nowrap">"
      <strong class="selflink">
Hotel California
</strong>" ·</span>
      <span style="white-space:nowrap">"Just the Way You
      Are"</span>
    </p>
    <p>
      <span style="white-space:nowrap">"What a Fool
      Believes" ·</span>
      <span style="white-space:nowrap">"Sailing" ·</span>
      <span style="white-space:nowrap">"Bette Davis
      Eyes" ·</span>
      <span style="white-space:nowrap">"Rosanna" ·</span>
      <span style="white-space:nowrap">"Beat It" ·</span>
      <span style="white-space:nowrap">"What's Love Got to Do with
      It" ·</span>
      <span style="white-space:nowrap">"We Are the
      World" ·</span>
      <span style="white-space:nowrap">"Higher Love" ·</span>
      <span style="white-space:nowrap">"Graceland" ·</span>
      <span style="white-space:nowrap">"Don't Worry, Be
      Happy"</span>
    </p>
    <p>
      <span style="white-space:nowrap">"Wind Beneath My
      Wings" ·</span>
      <span style="white-space:nowrap">"Another Day in
      Paradise" ·</span>
      <span style="white-space:nowrap">
      "Unforgettable" ·</span>
      <span style="white-space:nowrap">"Tears in
      Heaven" ·</span>
      <span style="white-space:nowrap">"I Will Always Love
      You" ·</span>
      <span style="white-space:nowrap">"All I Wanna
      Do" ·</span>
      <span style="white-space:nowrap">"Kiss from a
      Rose" ·</span>
      <span style="white-space:nowrap">"Change the
      World" ·</span>
      <span style="white-space:nowrap">"Sunny Came
      Home" ·</span>
      <span style="white-space:nowrap">"My Heart Will Go On"</span>
    </p>
    <p>
      <span style="white-space:nowrap">"Smooth" ·</span>
      <span style="white-space:nowrap">"Beautiful
      Day" ·</span>
      <span style="white-space:nowrap">"Walk On" ·</span>
      <span style="white-space:nowrap">"Don't Know
      Why" ·</span>
      <span style="white-space:nowrap">"Clocks" ·</span>
      <span style="white-space:nowrap">"Here We Go
      Again" ·</span>
      <span style="white-space:nowrap">"Boulevard of Broken
      Dreams" ·</span>
      <span style="white-space:nowrap">"Not Ready to Make
      Nice" ·</span>
      <span style="white-space:nowrap">"Rehab" ·</span>
      <span style="white-space:nowrap">"Please Read the
      Letter"</span>
    </p>
    <p>
      <span style="white-space:nowrap">"Use Somebody"</span>
    </p>
  </descr>
</top-song>
