<top-song xmlns="http://marklogic.com/MLU/top-songs">
  <!--Copyright (c) 2010 Mark Logic Corporation. Permission is
granted to copy, distribute and/or modify this document under the terms of the
GNU Free Documentation License, Version 1.2 or any later version published by
the Free Software Foundation; with no Invariant Sections, no Front-Cover Texts,
and no Back-Cover Texts. A copy of the license is included in the section 
entitled "GNU Free Documentation License." Content derived from 
http://en.wikipedia.org/wiki/I%27m_Walking_Behind_You 

Modified in February 2010 by Mark Logic Corporation under the terms of the 
GNU Free Documentation License.-->
  <title href="http://en.wikipedia.org/wiki/I%27m_Walking_Behind_You" xmlns:ts="http://marklogic.com/MLU/top-songs">I'm Walking Behind You</title>
  <artist href="http://en.wikipedia.org/wiki/Eddie_Fisher_(singer)" xmlns:ts="http://marklogic.com/MLU/top-songs">Eddie Fisher</artist>
  <weeks last="1953-07-25">
    <week>1953-07-25</week>
  </weeks>
  <descr>
    <p>"I'm Walking Behind You" is a popular song written by Billy
    Reid and published in 1953.</p>
    <p>Eddie Fisher's rendition of the song became a #1 hit single
    on both the Cash Box and Billboard record charts in 1953 in the
    United States; as well as reaching #1 on the UK Singles Chart.
    The recording was made on April 7, 1953, and released by RCA
    Victor Records as catalog number 20-5293.</p>
    <p>In the same year, Frank Sinatra released a recording of his
    own rendition on the album 
    <i>Capitol Collector's Series</i>. This recording, made on
    April 2, 1953, was also issued as a single by Capitol Records
    as catalog number 2450.</p>
    <p>The original version was probably Dorothy Squires', recorded
    in the United Kingdom, with the orchestra of Billy Reid, the
    author of the song.</p>
    <p>Also in the UK, Jimmy Young recorded a version on February
    3, 1953, which was released by Decca as catalog number F
    10080.</p>
  </descr>
</top-song>
