<top-song xmlns="http://marklogic.com/MLU/top-songs">
  <!--Copyright (c) 2010 Mark Logic Corporation. Permission is
granted to copy, distribute and/or modify this document under the terms of the
GNU Free Documentation License, Version 1.2 or any later version published by
the Free Software Foundation; with no Invariant Sections, no Front-Cover Texts,
and no Back-Cover Texts. A copy of the license is included in the section 
entitled "GNU Free Documentation License." Content derived from 
http://en.wikipedia.org/wiki/Strangers_in_the_Night 

Modified in February 2010 by Mark Logic Corporation under the terms of the 
GNU Free Documentation License.-->
  <title href="http://en.wikipedia.org/wiki/Strangers_in_the_Night" xmlns:ts="http://marklogic.com/MLU/top-songs">Strangers in the Night</title>
  <artist href="http://en.wikipedia.org/wiki/Frank_Sinatra" xmlns:ts="http://marklogic.com/MLU/top-songs">Frank Sinatra</artist>
  <weeks last="1966-07-02">
    <week>1966-07-02</week>
  </weeks>
  <album>Strangers in the Night</album>
  <released>1966</released>
  <recorded>April 11, 1966</recorded>
  <genres>
    <genre>Traditional pop</genre>
  </genres>
  <lengths>
    <length>2:35 (original album/single version</length>
    <length>incorrectly listed as 2:25 in the original back
    cover)</length>
    <length>2:44 (extended version from "Nothing But the
    Best")</length>
  </lengths>
  <label>Reprise Records</label>
  <writers>
    <writer>Charles Singleton</writer>
    <writer>Eddie Snyder</writer>
  </writers>
  <producers>
    <producer>Jimmy Bowen</producer>
  </producers>
  <descr>
    <p>from the album 
    <i>Strangers in the Night</i></p>
    <p>"Strangers in the Night" is a popular song written by
    Charles Singleton, Eddie Snyder and Bert Kaempfert, made famous
    in 1966 by Frank Sinatra.</p>
    <p>Reaching number one on both the Billboard Hot 100 chart and
    the Easy Listening chart, it was the title song for Sinatra's
    1966 album 
    <i>Strangers in the Night</i>, which would become his most
    commercially successful album. The song also reached number one
    on the UK Singles Chart.</p>
    <p>Sinatra's recording won him the Grammy Award for Best Male
    Pop Vocal Performance and the Grammy Award for Record of the
    Year, as well as a Grammy Award for Best Arrangement
    Accompanying a Vocalist or Instrumentalist for Ernie Freeman at
    the Grammy Awards of 1967.</p>
    <p>One of the most memorable and recognizable features of the
    record is Sinatra's scat improvisation of the melody with the
    syllables "doo-be-doo-be-doo" as the song fades to the end.
    This inspired the name for the cartoon canine Scooby Doo. Also
    the fading of the song was made too early, and many fans lament
    the fact that Sinatra's improvisation is cut off too soon. For
    the recently released CD 
    <i>Nothing But The Best</i>, the song was remastered and the
    running time clocks in at 2:44, instead of the usual 2:35. The
    extra nine seconds is just a continuation of Sinatra's scat
    noises.</p>
    <p>The track was recorded on April 11, 1966, one month before
    the rest of the album.</p>
    <p>The English lyrics were written by Charles Singleton and
    Eddie Snyder. The music was originally recorded by Ivo Robić
    for the music festival in St. Petersburg, Russia. Robić later
    sang the song in German ("
    <span lang="de" xml:lang="de">Fremde in der Nacht</span>",
    lyrics by Kurt Felitz) and Croatian ("
    <span lang="hr" xml:lang="hr">Stranci u Noći</span>", lyrics by
    Marija Renota). A thorough adaptation and an arrangement of the
    piece was done for Sinatra's version by Bert Kaempfert (who had
    included an instrumental version in his score for the film 
    <i>A Man Could Get Killed</i>); however, this adaptation was
    taken to court in 1966 by composer Ralph Chicorel, who claimed
    that 24 of "Strangers"' 32 bars had been copied from his song,
    "You Are My Love." Chicorel's song, "You Are My Love", was the
    title tune of a 12-song 1965 LP demo, submitted to both Sinatra
    and Jack Jones' record companies through the Detroit, Michigan
    distributor of their labels in 1966. (Jones would record his
    own rendition of "Strangers" that year.) Also claiming
    composing rights was Kaempfert's colleague at the time, Herbert
    Rehbein. The case was settled out of court after years of
    Kaempfert not showing up to court dates. Chicorel still claims
    that "true justice" has not been served as the song's success
    and "wrongful attribution" were not made up for in the
    settlement.</p>
    <p>Sinatra despised the song and called it "a piece of shit,"
    and "the worst fucking song I ever heard."</p>
    <p>
      <span style="white-space:nowrap">"Nel blu dipinto di blu
      (Volare)" ·</span>
      <span style="white-space:nowrap">"Mack the
      Knife" ·</span>
      <span style="white-space:nowrap">"Theme from A Summer
      Place" ·</span>
      <span style="white-space:nowrap">"Moon River" ·</span>
      <span style="white-space:nowrap">"I Left My Heart in San
      Francisco" ·</span>
      <span style="white-space:nowrap">"Days of Wine and
      Roses" ·</span>
      <span style="white-space:nowrap">"The Girl from
      Ipanema" ·</span>
      <span style="white-space:nowrap">"A Taste of
      Honey" ·</span>
      <span style="white-space:nowrap">"
      <strong class="selflink">
Strangers in the Night
</strong>" ·</span>
      <span style="white-space:nowrap">"Up, Up and
      Away" ·</span>
      <span style="white-space:nowrap">"Mrs. Robinson"</span>
    </p>
    <p>
      <span style="white-space:nowrap">"Aquarius/Let the Sunshine
      In" ·</span>
      <span style="white-space:nowrap">"Bridge over Troubled
      Water" ·</span>
      <span style="white-space:nowrap">"It's Too
      Late" ·</span>
      <span style="white-space:nowrap">"The First Time Ever I Saw
      Your Face" ·</span>
      <span style="white-space:nowrap">"Killing Me Softly with His
      Song" ·</span>
      <span style="white-space:nowrap">"I Honestly Love
      You" ·</span>
      <span style="white-space:nowrap">"Love Will Keep Us
      Together" ·</span>
      <span style="white-space:nowrap">"This
      Masquerade" ·</span>
      <span style="white-space:nowrap">"Hotel
      California" ·</span>
      <span style="white-space:nowrap">"Just the Way You
      Are"</span>
    </p>
    <p>
      <span style="white-space:nowrap">"What a Fool
      Believes" ·</span>
      <span style="white-space:nowrap">"Sailing" ·</span>
      <span style="white-space:nowrap">"Bette Davis
      Eyes" ·</span>
      <span style="white-space:nowrap">"Rosanna" ·</span>
      <span style="white-space:nowrap">"Beat It" ·</span>
      <span style="white-space:nowrap">"What's Love Got to Do with
      It" ·</span>
      <span style="white-space:nowrap">"We Are the
      World" ·</span>
      <span style="white-space:nowrap">"Higher Love" ·</span>
      <span style="white-space:nowrap">"Graceland" ·</span>
      <span style="white-space:nowrap">"Don't Worry, Be
      Happy"</span>
    </p>
    <p>
      <span style="white-space:nowrap">"Wind Beneath My
      Wings" ·</span>
      <span style="white-space:nowrap">"Another Day in
      Paradise" ·</span>
      <span style="white-space:nowrap">
      "Unforgettable" ·</span>
      <span style="white-space:nowrap">"Tears in
      Heaven" ·</span>
      <span style="white-space:nowrap">"I Will Always Love
      You" ·</span>
      <span style="white-space:nowrap">"All I Wanna
      Do" ·</span>
      <span style="white-space:nowrap">"Kiss from a
      Rose" ·</span>
      <span style="white-space:nowrap">"Change the
      World" ·</span>
      <span style="white-space:nowrap">"Sunny Came
      Home" ·</span>
      <span style="white-space:nowrap">"My Heart Will Go On"</span>
    </p>
    <p>
      <span style="white-space:nowrap">"Smooth" ·</span>
      <span style="white-space:nowrap">"Beautiful
      Day" ·</span>
      <span style="white-space:nowrap">"Walk On" ·</span>
      <span style="white-space:nowrap">"Don't Know
      Why" ·</span>
      <span style="white-space:nowrap">"Clocks" ·</span>
      <span style="white-space:nowrap">"Here We Go
      Again" ·</span>
      <span style="white-space:nowrap">"Boulevard of Broken
      Dreams" ·</span>
      <span style="white-space:nowrap">"Not Ready to Make
      Nice" ·</span>
      <span style="white-space:nowrap">"Rehab" ·</span>
      <span style="white-space:nowrap">"Please Read the
      Letter"</span>
    </p>
    <p>
      <span style="white-space:nowrap">"Use Somebody"</span>
    </p>
  </descr>
</top-song>
