<top-song xmlns="http://marklogic.com/MLU/top-songs">
  <!--Copyright (c) 2010 Mark Logic Corporation. Permission is
granted to copy, distribute and/or modify this document under the terms of the
GNU Free Documentation License, Version 1.2 or any later version published by
the Free Software Foundation; with no Invariant Sections, no Front-Cover Texts,
and no Back-Cover Texts. A copy of the license is included in the section 
entitled "GNU Free Documentation License." Content derived from 
http://en.wikipedia.org/wiki/Why_(Frankie_Avalon_song) 

Modified in February 2010 by Mark Logic Corporation under the terms of the 
GNU Free Documentation License.-->
  <title href="http://en.wikipedia.org/wiki/Why_(Frankie_Avalon_song)" xmlns:ts="http://marklogic.com/MLU/top-songs">Why</title>
  <artist href="http://en.wikipedia.org/wiki/Frankie_Avalon" xmlns:ts="http://marklogic.com/MLU/top-songs">Frankie Avalon</artist>
  <weeks last="1959-12-28">
    <week>1959-12-28</week>
  </weeks>
  <descr>
    <p>"Why" is a hit song recorded by Frankie Avalon in 1959 and
    went to number one on the U.S. Billboard Hot 100 pop singles
    chart for the week of December 28, 1959, making it the last
    number one single of the 1950s. The song was written by
    Avalon's manager and record producer Robert "Bob" Marcucci and
    Peter De Angelis. This was Avalon's second and final number-one
    hit.</p>
    <p>Anthony Newley covered the song in 1960, and his version
    went to #1 on the UK charts. Donny Osmond recorded the song in
    1972. It was released as a single and peaked at #13 on the
    Billboard Hot 100.</p>
  </descr>
</top-song>
