<top-song xmlns="http://marklogic.com/MLU/top-songs">
  <!--Copyright (c) 2010 Mark Logic Corporation. Permission is
granted to copy, distribute and/or modify this document under the terms of the
GNU Free Documentation License, Version 1.2 or any later version published by
the Free Software Foundation; with no Invariant Sections, no Front-Cover Texts,
and no Back-Cover Texts. A copy of the license is included in the section 
entitled "GNU Free Documentation License." Content derived from 
http://en.wikipedia.org/wiki/Give_Me_Love_(Give_Me_Peace_on_Earth) 

Modified in February 2010 by Mark Logic Corporation under the terms of the 
GNU Free Documentation License.-->
  <title href="http://en.wikipedia.org/wiki/Give_Me_Love_(Give_Me_Peace_on_Earth)" xmlns:ts="http://marklogic.com/MLU/top-songs">Give Me Love (Give Me Peace on Earth)</title>
  <artist href="http://en.wikipedia.org/wiki/George_Harrison" xmlns:ts="http://marklogic.com/MLU/top-songs">George Harrison</artist>
  <weeks last="1973-06-30">
    <week>1973-06-30</week>
  </weeks>
  <album url="http://upload.wikimedia.org/wikipedia/en/thumb/0/01/63782gml.jpg/200px-63782gml.jpg" uri="/images/George-Harrison+Give-Me-Love-Give-Me-Peace-on-Earth.jpg">
  Living in the Material World</album>
  <released>May 7, 1973 ( US ) , May 25, 1973 ( UK )</released>
  <formats>
    <format>7"</format>
  </formats>
  <genres>
    <genre>Rock</genre>
  </genres>
  <lengths>
    <length>3:38</length>
  </lengths>
  <label>Apple Records R5988 (UK)</label>
  <producers>
    <producer>George Harrison</producer>
  </producers>
  <descr>
    <p>"Give Me Love (Give Me Peace on Earth)" is a song by George
    Harrison and is the lead track on his 1973 album 
    <i>Living in the Material World</i>. The song was released as a
    single in May 1973, hitting number one in the US Hot 100 at the
    end of June and number eight on the UK Singles Chart.
    Harrison's single replaced "My Love" by his former bandmate
    from The Beatles, Paul McCartney, at the top of Hot 100 chart,
    and in turn was replaced at number one by "Will It Go Round in
    Circles" by Billy Preston, who played with Harrison and
    McCartney during the sessions for 
    <i>Let It Be</i>in 1969.</p>
    <p>1970: "My Sweet Lord" · 
    <span style="white-space:nowrap">"Isn't It a
    Pity" ·</span>
    <span style="white-space:nowrap">1971: "What Is
    Life" ·</span>
    <span style="white-space:nowrap">"Bangla Desh" ·</span>
    <span style="white-space:nowrap">1973: "
    <strong class="selflink">
Give Me Love (Give Me Peace on Earth)
</strong>" ·</span>
    <span style="white-space:nowrap">1974: "Ding Dong, Ding
    Dong" ·</span>
    <span style="white-space:nowrap">1975: "Dark
    Horse" ·</span>
    <span style="white-space:nowrap">"You" ·</span>
    <span style="white-space:nowrap">"This Guitar (Can't Keep from
    Crying)" ·</span>
    <span style="white-space:nowrap">1976: "This
    Song" ·</span>
    <span style="white-space:nowrap">1977: "Crackerbox
    Palace" ·</span>
    <span style="white-space:nowrap">"True Love" ·</span>
    <span style="white-space:nowrap">"It's What You
    Value" ·</span>
    <span style="white-space:nowrap">1979: "Blow
    Away" ·</span>
    <span style="white-space:nowrap">"Love Comes to
    Everyone" ·</span>
    <span style="white-space:nowrap">"Faster" 1981: "All Those
    Years Ago" ·</span>
    <span style="white-space:nowrap">"Teardrops" ·</span>
    <span style="white-space:nowrap">1982: "Wake Up My
    Love" ·</span>
    <span style="white-space:nowrap">"I Really Love
    You" ·</span>
    <span style="white-space:nowrap">1985: "I Don't Want To Do
    It" ·</span>
    <span style="white-space:nowrap">1987: "Got My Mind Set on
    You" ·</span>
    <span style="white-space:nowrap">1988: "When We Was
    Fab" ·</span>
    <span style="white-space:nowrap">"This Is Love" ·</span>
    <span style="white-space:nowrap">1989: "Cheer Down" 2002: "My
    Sweet Lord" ·</span>
    <span style="white-space:nowrap">"Stuck Inside a
    Cloud" ·</span>
    <span style="white-space:nowrap">2003: "Any Road"</span></p>
  </descr>
</top-song>
