<top-song xmlns="http://marklogic.com/MLU/top-songs">
  <!--Copyright (c) 2010 Mark Logic Corporation. Permission is
granted to copy, distribute and/or modify this document under the terms of the
GNU Free Documentation License, Version 1.2 or any later version published by
the Free Software Foundation; with no Invariant Sections, no Front-Cover Texts,
and no Back-Cover Texts. A copy of the license is included in the section 
entitled "GNU Free Documentation License." Content derived from 
http://en.wikipedia.org/wiki/Monkey_(song) 

Modified in February 2010 by Mark Logic Corporation under the terms of the 
GNU Free Documentation License.-->
  <title href="http://en.wikipedia.org/wiki/Monkey_(song)" xmlns:ts="http://marklogic.com/MLU/top-songs">Monkey</title>
  <artist href="http://en.wikipedia.org/wiki/George_Michael" xmlns:ts="http://marklogic.com/MLU/top-songs">George Michael</artist>
  <weeks last="1988-09-03">
    <week>1988-08-27</week>
    <week>1988-09-03</week>
  </weeks>
  <album url="http://upload.wikimedia.org/wikipedia/en/9/9d/Monkey_george_michael.jpg" uri="/images/George-Michael+Monkey.jpg">Faith</album>
  <released>1988</released>
  <formats>
    <format>CD single</format>
  </formats>
  <recorded>1987</recorded>
  <genres>
    <genre>Pop</genre>
    <genre>Dance-pop</genre>
  </genres>
  <lengths>
    <length>5:37</length>
  </lengths>
  <label>Epic</label>
  <writers>
    <writer>George Michael</writer>
  </writers>
  <producers>
    <producer>George Michael</producer>
    <producer>Jimmy Jam and Terry Lewis</producer>
  </producers>
  <descr>
    <p>"Monkey" is a U.S. number-one hit song by George Michael. It
    was released as a single in 1988 and reached #1 on the U.S. Hot
    100 and #13 on the UK Singles Chart. "Monkey" debuted at #42 on
    July 9, 1988, reaching #1 for two weeks, beginning August 27,
    1988.</p>
    <p>"Monkey" became George Michael's eighth #1 U.S. single, and
    the fourth consecutive #1 from the 
    <i>Faith</i>album. George Michael joined Michael Jackson and
    Whitney Houston as three artists who all had four or more
    consecutive number one singles during the 1987-1988 era, from
    one album (Michael Jackson boasted an impressive five while
    Whitney Houston boasted seven consecutive).</p>
    <p>"Monkey" also reached number one in the U.S. Hot Dance Club
    Play chart for two weeks and became his first dance number
    one.</p>
    <p>When "Monkey" was released as a single, the single version
    was remixed by Jimmy Jam and Terry Lewis.</p>
    <p>Surprisingly for a song that was such a hit, it has been
    omitted from most of George's greatest hits compilations,
    appearing only on the US/Canada version of 
    <i>Ladies &amp; Gentlemen: The Best of George Michael</i>.</p>
    <p>
      <span style="white-space:nowrap">"Careless
      Whisper" ·</span>
      <span style="white-space:nowrap">"A Different
      Corner" ·</span>
      <span style="white-space:nowrap">"I Want Your
      Sex" ·</span>
      <span style="white-space:nowrap">"Hard Day" ·</span>
      <span style="white-space:nowrap">"Faith" ·</span>
      <span style="white-space:nowrap">"Father
      Figure" ·</span>
      <span style="white-space:nowrap">"One More Try" ·</span>
      <span style="white-space:nowrap">"
      <strong class="selflink">
Monkey
</strong>" ·</span>
      <span style="white-space:nowrap">"Kissing a
      Fool" ·</span>
      <span style="white-space:nowrap">"Praying for
      Time" ·</span>
      <span style="white-space:nowrap">"Waiting for That
      Day" ·</span>
      <span style="white-space:nowrap">"Mother's
      Pride" ·</span>
      <span style="white-space:nowrap">"Freedom! '90" ·</span>
      <span style="white-space:nowrap">"Heal the
      Pain" ·</span>
      <span style="white-space:nowrap">"Cowboys and
      Angels" ·</span>
      <span style="white-space:nowrap">"Too Funky" ·</span>
      <span style="white-space:nowrap">"Killer" / "Papa Was a
      Rollin' Stone" ·</span>
      <span style="white-space:nowrap">"Jesus to a
      Child" ·</span>
      <span style="white-space:nowrap">"Fastlove" ·</span>
      <span style="white-space:nowrap">"Spinning the
      Wheel" ·</span>
      <span style="white-space:nowrap">"Older / I Can't Make You
      Love Me" ·</span>
      <span style="white-space:nowrap">"Star People
      '97" ·</span>
      <span style="white-space:nowrap">"You Have Been Loved / The
      Strangest Thing '97" ·</span>
      <span style="white-space:nowrap">"Outside" ·</span>
      <span style="white-space:nowrap">"Freeek!" ·</span>
      <span style="white-space:nowrap">"Shoot the
      Dog" ·</span>
      <span style="white-space:nowrap">"Amazing" ·</span>
      <span style="white-space:nowrap">"Flawless (Go to the
      City)" ·</span>
      <span style="white-space:nowrap">"Round Here" ·</span>
      <span style="white-space:nowrap">"John and Elvis Are
      Dead" ·</span>
      <span style="white-space:nowrap">"An Easier
      Affair" ·</span>
      <span style="white-space:nowrap">"December Song (I Dreamed of
      Christmas)"</span>
    </p>
  </descr>
</top-song>
