<top-song xmlns="http://marklogic.com/MLU/top-songs">
  <!--Copyright (c) 2010 Mark Logic Corporation. Permission is
granted to copy, distribute and/or modify this document under the terms of the
GNU Free Documentation License, Version 1.2 or any later version published by
the Free Software Foundation; with no Invariant Sections, no Front-Cover Texts,
and no Back-Cover Texts. A copy of the license is included in the section 
entitled "GNU Free Documentation License." Content derived from 
http://en.wikipedia.org/wiki/Got_My_Mind_Set_on_You 

Modified in February 2010 by Mark Logic Corporation under the terms of the 
GNU Free Documentation License.-->
  <title href="http://en.wikipedia.org/wiki/Got_My_Mind_Set_on_You" xmlns:ts="http://marklogic.com/MLU/top-songs">Got My Mind Set on You</title>
  <artist href="http://en.wikipedia.org/wiki/George_Harrison" xmlns:ts="http://marklogic.com/MLU/top-songs">George Harrison</artist>
  <weeks last="1988-01-16">
    <week>1988-01-16</week>
  </weeks>
  <album url="http://upload.wikimedia.org/wikipedia/en/f/f6/Got_My_Mind_Set_on_You.jpg" uri="/images/George-Harrison+Got-My-Mind-Set-on-You.jpg">Cloud
  Nine</album>
  <released>October 1987</released>
  <formats>
    <format>Vinyl</format>
  </formats>
  <recorded>Friar Park Studios Oxford 1987</recorded>
  <genres>
    <genre>Pop rock</genre>
    <genre>Rock</genre>
  </genres>
  <lengths>
    <length>3:51 (album version)</length>
    <length>5:17 (extended version)</length>
  </lengths>
  <label>Dark Horse Records</label>
  <producers>
    <producer>Jeff Lynne</producer>
    <producer>George Harrison</producer>
  </producers>
  <descr>
    <p>"Got My Mind Set on You" is a song written by Rudy Clark and
    originally recorded by James Ray in 1962.</p>
    <p>It is best known for the cover version released by George
    Harrison.</p>
    <p>A cover version by former Beatle George Harrison from his
    album 
    <i>Cloud Nine</i>reached number one on the Hot 100 in January
    1988. Produced by Harrison and former ELO member Jeff Lynne,
    the song was his third and last solo US number one, after "My
    Sweet Lord" in 1970 and "Give Me Love (Give Me Peace on Earth)"
    in 1973. It was also the last number one single, to date, by
    any of the solo Beatles in the United States. As Harrison's
    third post-Beatles #1 hit in the U.S., he broke a three-way tie
    among himself, John Lennon and Ringo Starr as ex-Beatles with
    two #1 solo singles, and moved Harrison into second place
    behind Paul McCartney's nine #1 songs. Of Harrison's three
    number one singles in the U.S., it was the only song not
    written by Harrison and the only one without religious
    overtones. The single's B-side is "Lay His Head", written by
    Harrison. The 12" version of the single also adds an extended
    version of "Got My Mind Set On You".</p>
    <p>Two music videos were released for the cover version. The
    first (directed by Gary Weis) starred a young Alexis Denisof
    vying for the heart of a girl in an arcade. The second (also
    directed by Weis), is Harrison sitting and playing in a study.
    As the song progresses, furniture and knick-knacks (like a
    stuffed squirrel and mounted warthog) begin to dance along with
    the song. In the middle of the video, Harrison's stunt double
    performs a stunning backflip from his chair and follows with a
    dance routine before jumping back to his seat. The second
    received significant airplay, and was nominated for three MTV
    VMAs.</p>
    <p>In the UK the single spent four weeks at number two.</p>
    <p>Harrison's version of the song was parodied by "Weird Al"
    Yankovic on his 1988 album 
    <i>Even Worse</i>, as "(This Song's Just) Six Words Long".
    Shakin' Stevens recorded the song for his 2006 album 
    <i>Now Listen</i>.</p>
    <p>1970: "My Sweet Lord" · 
    <span style="white-space:nowrap">"Isn't It a
    Pity" ·</span>
    <span style="white-space:nowrap">1971: "What Is
    Life" ·</span>
    <span style="white-space:nowrap">"Bangla Desh" ·</span>
    <span style="white-space:nowrap">1973: "Give Me Love (Give Me
    Peace on Earth)" ·</span>
    <span style="white-space:nowrap">1974: "Ding Dong, Ding
    Dong" ·</span>
    <span style="white-space:nowrap">1975: "Dark
    Horse" ·</span>
    <span style="white-space:nowrap">"You" ·</span>
    <span style="white-space:nowrap">"This Guitar (Can't Keep from
    Crying)" ·</span>
    <span style="white-space:nowrap">1976: "This
    Song" ·</span>
    <span style="white-space:nowrap">1977: "Crackerbox
    Palace" ·</span>
    <span style="white-space:nowrap">"True Love" ·</span>
    <span style="white-space:nowrap">"It's What You
    Value" ·</span>
    <span style="white-space:nowrap">1979: "Blow
    Away" ·</span>
    <span style="white-space:nowrap">"Love Comes to
    Everyone" ·</span>
    <span style="white-space:nowrap">"Faster" 1981: "All Those
    Years Ago" ·</span>
    <span style="white-space:nowrap">"Teardrops" ·</span>
    <span style="white-space:nowrap">1982: "Wake Up My
    Love" ·</span>
    <span style="white-space:nowrap">"I Really Love
    You" ·</span>
    <span style="white-space:nowrap">1985: "I Don't Want To Do
    It" ·</span>
    <span style="white-space:nowrap">1987: "
    <strong class="selflink">
Got My Mind Set on You
</strong>" ·</span>
    <span style="white-space:nowrap">1988: "When We Was
    Fab" ·</span>
    <span style="white-space:nowrap">"This Is Love" ·</span>
    <span style="white-space:nowrap">1989: "Cheer Down" 2002: "My
    Sweet Lord" ·</span>
    <span style="white-space:nowrap">"Stuck Inside a
    Cloud" ·</span>
    <span style="white-space:nowrap">2003: "Any Road"</span></p>
  </descr>
</top-song>
