<top-song xmlns="http://marklogic.com/MLU/top-songs">
  <!--Copyright (c) 2010 Mark Logic Corporation. Permission is
granted to copy, distribute and/or modify this document under the terms of the
GNU Free Documentation License, Version 1.2 or any later version published by
the Free Software Foundation; with no Invariant Sections, no Front-Cover Texts,
and no Back-Cover Texts. A copy of the license is included in the section 
entitled "GNU Free Documentation License." Content derived from 
http://en.wikipedia.org/wiki/Father_Figure_(song) 

Modified in February 2010 by Mark Logic Corporation under the terms of the 
GNU Free Documentation License.-->
  <title href="http://en.wikipedia.org/wiki/Father_Figure_(song)" xmlns:ts="http://marklogic.com/MLU/top-songs">Father Figure</title>
  <artist href="http://en.wikipedia.org/wiki/George_Michael" xmlns:ts="http://marklogic.com/MLU/top-songs">George Michael</artist>
  <weeks last="1988-03-05">
    <week>1988-02-27</week>
    <week>1988-03-05</week>
  </weeks>
  <album url="http://upload.wikimedia.org/wikipedia/en/2/2c/Father_Figure.jpg" uri="/images/George-Michael+Father-Figure.jpg">Faith</album>
  <released>January 2, 1988</released>
  <formats>
    <format>CD single</format>
  </formats>
  <recorded>1987</recorded>
  <genres>
    <genre>Pop</genre>
    <genre>R&amp;B</genre>
  </genres>
  <lengths>
    <length>5:40</length>
  </lengths>
  <label>Columbia</label>
  <writers>
    <writer>George Michael</writer>
  </writers>
  <producers>
    <producer>George Michael</producer>
  </producers>
  <descr>
    <p>"Father Figure" is the U.S. number-one song written and
    performed by George Michael and released on Epic Records in
    1987 as the third single from the album 
    <i>Faith</i>.</p>
    <p>"Father Figure" is a sharp and sensual tale of seduction
    which is more than five minutes long and epitomized the sexual
    nature of Michael's writing which he had adopted since the
    latter years of Wham!.</p>
    <p>The song was actually supposed to be an uptempo dance track,
    but whilst checking his mix of the song, Michael turned off the
    snare track and realized he liked the song better without
    it.</p>
    <p>The video starred Vogue model Tania Coleridge.</p>
    <p>Released in 1987, "Father Figure" reached number eleven in
    the UK singles chart - the first time Michael had failed to
    reach the top ten in his home country. The song remained a live
    favourite at Michael's concerts for many years and is also one
    of his most frequently aired songs on the radio in the UK.</p>
    <p>In the U.S., "Father Figure" became George Michael's sixth
    number one single (counting #1 singles garnered as half of
    Wham!). "Father Figure" debuted at #49 on January 16, 1988,
    while "Faith" was still prominent (at #9) in the top tier of
    the chart. In the subsequent weeks, "Father Figure" was a
    surefire hit, reaching #1 by its seventh week, February 27,
    1988, staying at the top for two weeks. Altogether, the single
    spent 6 weeks in the Top 10, 9 weeks in the Top 20, and 14
    weeks in the Top 40.</p>
    <p>The music video depicts a relationship between a cab driver
    (George Michael) and a high fashion model (Tania Coleridge).
    Various intercut flashbacks tell a backstory that, like the
    song, can be interpreted in various ways.</p>
    <p>One possible interpretation is that it depicts the breakdown
    of a relationship. At some point in the past a cab driver and
    model began an unlikely but passionate relationship. The model,
    however, had an affair with her photographer, which she quickly
    regretted. The cab driver suspected the affair, followed her,
    and discovered the truth. At some point in the future—perhaps
    the next day, perhaps months later—he appears at a runway show
    in which she is performing, either to forgive her or to let her
    know he is aware of the affair.</p>
    <p>Another interpretation is similar to the first, except that
    the cab driver is the one with whom she is cheating, but he is
    unaware of it and his discovery of it ends the
    relationship.</p>
    <p>A completely different interpretation is that the cab driver
    is a stalker. In this interpretation, there was never a
    relationship between the cab driver and model in the first
    place, except in the cab driver's imagination. The cab driver
    was obsessed with the model (cutting out pictures of her in
    magazines and putting them on his wall, following her, etc.)
    and discovered that she was in a relationship with her
    photographer. In his mind, the cab driver substituted himself
    in place of her real lover, and convinced himself that they
    were in love. The stress of this obsession took its toll on the
    model. The final scene with the cab driver in the audience thus
    takes on a far more disturbing connotation.</p>
    <p>George Michael and Andy Morahan won "Best Direction of a
    Video" at the 1988 MTV Video Music Awards for "Father
    Figure".</p>
    <p>
      <span style="white-space:nowrap">"Careless
      Whisper" ·</span>
      <span style="white-space:nowrap">"A Different
      Corner" ·</span>
      <span style="white-space:nowrap">"I Want Your
      Sex" ·</span>
      <span style="white-space:nowrap">"Hard Day" ·</span>
      <span style="white-space:nowrap">"Faith" ·</span>
      <span style="white-space:nowrap">"Father
      Figure" ·</span>
      <span style="white-space:nowrap">"One More Try" ·</span>
      <span style="white-space:nowrap">"Monkey" ·</span>
      <span style="white-space:nowrap">"Kissing a
      Fool" ·</span>
      <span style="white-space:nowrap">"Praying for
      Time" ·</span>
      <span style="white-space:nowrap">"Waiting for That
      Day" ·</span>
      <span style="white-space:nowrap">"Mother's
      Pride" ·</span>
      <span style="white-space:nowrap">"Freedom! '90" ·</span>
      <span style="white-space:nowrap">"Heal the
      Pain" ·</span>
      <span style="white-space:nowrap">"Cowboys and
      Angels" ·</span>
      <span style="white-space:nowrap">"Too Funky" ·</span>
      <span style="white-space:nowrap">"Killer" / "Papa Was a
      Rollin' Stone" ·</span>
      <span style="white-space:nowrap">"Jesus to a
      Child" ·</span>
      <span style="white-space:nowrap">"Fastlove" ·</span>
      <span style="white-space:nowrap">"Spinning the
      Wheel" ·</span>
      <span style="white-space:nowrap">"Older / I Can't Make You
      Love Me" ·</span>
      <span style="white-space:nowrap">"Star People
      '97" ·</span>
      <span style="white-space:nowrap">"You Have Been Loved / The
      Strangest Thing '97" ·</span>
      <span style="white-space:nowrap">"Outside" ·</span>
      <span style="white-space:nowrap">"Freeek!" ·</span>
      <span style="white-space:nowrap">"Shoot the
      Dog" ·</span>
      <span style="white-space:nowrap">"Amazing" ·</span>
      <span style="white-space:nowrap">"Flawless (Go to the
      City)" ·</span>
      <span style="white-space:nowrap">"Round Here" ·</span>
      <span style="white-space:nowrap">"John and Elvis Are
      Dead" ·</span>
      <span style="white-space:nowrap">"An Easier
      Affair" ·</span>
      <span style="white-space:nowrap">"December Song (I Dreamed of
      Christmas)"</span>
    </p>
  </descr>
</top-song>
