<top-song xmlns="http://marklogic.com/MLU/top-songs">
  <!--Copyright (c) 2010 Mark Logic Corporation. Permission is
granted to copy, distribute and/or modify this document under the terms of the
GNU Free Documentation License, Version 1.2 or any later version published by
the Free Software Foundation; with no Invariant Sections, no Front-Cover Texts,
and no Back-Cover Texts. A copy of the license is included in the section 
entitled "GNU Free Documentation License." Content derived from 
http://en.wikipedia.org/wiki/Praying_for_Time 

Modified in February 2010 by Mark Logic Corporation under the terms of the 
GNU Free Documentation License.-->
  <title href="http://en.wikipedia.org/wiki/Praying_for_Time" xmlns:ts="http://marklogic.com/MLU/top-songs">Praying for Time</title>
  <artist href="http://en.wikipedia.org/wiki/George_Michael" xmlns:ts="http://marklogic.com/MLU/top-songs">George Michael</artist>
  <weeks last="1990-10-13">
    <week>1990-10-13</week>
  </weeks>
  <album url="http://upload.wikimedia.org/wikipedia/en/b/b8/Praying_for_time_george_michael.jpg" uri="/images/George-Michael+Praying-for-Time.jpg">Listen Without
  Prejudice Vol. 1</album>
  <released>August 13, 1990</released>
  <formats>
    <format>7"</format>
    <format>CD single</format>
  </formats>
  <genres>
    <genre>Pop</genre>
    <genre>gospel</genre>
  </genres>
  <lengths>
    <length>4:41</length>
  </lengths>
  <label>Epic Records</label>
  <writers>
    <writer>George Michael</writer>
  </writers>
  <descr>
    <p>"Praying for Time" is a U.S. number-one song written and
    performed by George Michael, released on Epic Records in
    1990.</p>
    <p>The song was Michael's first single in almost two years,
    entering the UK Singles Chart in August 1990.</p>
    <p>A dark and sombre reflection on social ills and injustice,
    the song was hailed by critics as it peaked at number six in
    the UK, but it was his ninth number one on the Hot 100 in the
    USA. The song remained in the 
    <i>Billboard</i>Top 40 for ten weeks. George used an echoey
    vocal effect and put the melody in a low enough key to take
    away the sunny nature of his regular singing voice. It was the
    first song of political motivation he had released as a single
    since his earliest days with Wham!.</p>
    <p>The song was the first of five released in the UK from the
    album 
    <i>Listen Without Prejudice Vol. 1</i>, although it was the
    only one of the quintet to make the UK Top 10.</p>
    <p>While George Michael refused to appear in videos to support
    the album, but an experimental video clip for "Praying for
    Time" was released, directed by Michael Borofsky featuring only
    the lyrics of the song with a blue and black background that,
    at the end of the clip, reveals itself to be the image on the
    cover of the album. The completely Un-George Michael style
    video quickly became a buzz clip on MTV, and stayed in rotation
    on most video networks for weeks. Similarly, the commercial had
    no cover photo, only words.</p>
    <p>The song was performed by Carrie Underwood for the 2008 
    <i>Idol Gives Back</i>mini-marathon on April 9, 2008. In a
    matter of 24 hours, Underwood's rendition of "Praying for Time"
    reached #10 on the Hot Digital Songs chart, with all proceeds
    being donated to charity. It also peaked at #27 on the U.S.
    Billboard Hot 100 on the week of April 26, 2008.</p>
    <p>The song was performed by George Michael himself during the
    2008 
    <i>American Idol</i>Finale on May 21, 2008. At the conclusion
    of his performance, host Ryan Seacrest greeted Michael,Michael
    said he was sick and also, confirmed that his North American
    leg of 25 Live tour would kick off in San Diego on June 17,
    2008.</p>
    <p>
      <span style="white-space:nowrap">"Careless
      Whisper" ·</span>
      <span style="white-space:nowrap">"A Different
      Corner" ·</span>
      <span style="white-space:nowrap">"I Want Your
      Sex" ·</span>
      <span style="white-space:nowrap">"Hard Day" ·</span>
      <span style="white-space:nowrap">"Faith" ·</span>
      <span style="white-space:nowrap">"Father
      Figure" ·</span>
      <span style="white-space:nowrap">"One More Try" ·</span>
      <span style="white-space:nowrap">"Monkey" ·</span>
      <span style="white-space:nowrap">"Kissing a
      Fool" ·</span>
      <span style="white-space:nowrap">"
      <strong class="selflink">
Praying for Time
</strong>" ·</span>
      <span style="white-space:nowrap">"Waiting for That
      Day" ·</span>
      <span style="white-space:nowrap">"Mother's
      Pride" ·</span>
      <span style="white-space:nowrap">"Freedom! '90" ·</span>
      <span style="white-space:nowrap">"Heal the
      Pain" ·</span>
      <span style="white-space:nowrap">"Cowboys and
      Angels" ·</span>
      <span style="white-space:nowrap">"Too Funky" ·</span>
      <span style="white-space:nowrap">"Killer" / "Papa Was a
      Rollin' Stone" ·</span>
      <span style="white-space:nowrap">"Jesus to a
      Child" ·</span>
      <span style="white-space:nowrap">"Fastlove" ·</span>
      <span style="white-space:nowrap">"Spinning the
      Wheel" ·</span>
      <span style="white-space:nowrap">"Older / I Can't Make You
      Love Me" ·</span>
      <span style="white-space:nowrap">"Star People
      '97" ·</span>
      <span style="white-space:nowrap">"You Have Been Loved / The
      Strangest Thing '97" ·</span>
      <span style="white-space:nowrap">"Outside" ·</span>
      <span style="white-space:nowrap">"Freeek!" ·</span>
      <span style="white-space:nowrap">"Shoot the
      Dog" ·</span>
      <span style="white-space:nowrap">"Amazing" ·</span>
      <span style="white-space:nowrap">"Flawless (Go to the
      City)" ·</span>
      <span style="white-space:nowrap">"Round Here" ·</span>
      <span style="white-space:nowrap">"John and Elvis Are
      Dead" ·</span>
      <span style="white-space:nowrap">"An Easier
      Affair" ·</span>
      <span style="white-space:nowrap">"December Song (I Dreamed of
      Christmas)"</span>
    </p>
  </descr>
</top-song>
