<top-song xmlns="http://marklogic.com/MLU/top-songs">
  <!--Copyright (c) 2010 Mark Logic Corporation. Permission is
granted to copy, distribute and/or modify this document under the terms of the
GNU Free Documentation License, Version 1.2 or any later version published by
the Free Software Foundation; with no Invariant Sections, no Front-Cover Texts,
and no Back-Cover Texts. A copy of the license is included in the section 
entitled "GNU Free Documentation License." Content derived from 
http://en.wikipedia.org/wiki/One_More_Try_(George_Michael_song) 

Modified in February 2010 by Mark Logic Corporation under the terms of the 
GNU Free Documentation License.-->
  <title href="http://en.wikipedia.org/wiki/One_More_Try_(George_Michael_song)" xmlns:ts="http://marklogic.com/MLU/top-songs">One More Try</title>
  <artist href="http://en.wikipedia.org/wiki/George_Michael" xmlns:ts="http://marklogic.com/MLU/top-songs">George Michael</artist>
  <weeks last="1988-06-11">
    <week>1988-05-28</week>
    <week>1988-06-04</week>
    <week>1988-06-11</week>
  </weeks>
  <album url="http://upload.wikimedia.org/wikipedia/en/2/2e/One_More_Try.jpg" uri="/images/George-Michael+One-More-Try.jpg">Faith</album>
  <released>1988</released>
  <formats>
    <format>CD</format>
    <format>cassette</format>
  </formats>
  <recorded>1987</recorded>
  <genres>
    <genre>Ballad</genre>
  </genres>
  <lengths>
    <length>5:52</length>
  </lengths>
  <label>Epic Records</label>
  <writers>
    <writer>George Michael</writer>
  </writers>
  <producers>
    <producer>George Michael</producer>
  </producers>
  <descr>
    <p>"One More Try" is a U.S. number-one hit song written and
    performed by George Michael and released by Epic Records in
    1988 as the fourth single from 
    <i>Faith</i>.</p>
    <p>The song was the fourth of six singles to be released from
    George's debut solo album 
    <i>Faith</i>. A ballad at six minutes in length, the song
    lyrically explored Michael's unwillingness to return to a new
    relationship because he had been emotionally hurt so many times
    previously. The song concludes with temptation taking over, and
    Michael ends by singing the title for the only time.</p>
    <p>"One More Try" remained a live favourite at Michael's
    concerts in the years which followed, although its radio
    airplay tends to be restricted to specific "Love Songs"-esque
    features because of both the tempo and the length.</p>
    <p>It reached #8 in the UK Singles Chart but became his seventh
    #1 on the Hot 100 in the USA. Four of the six singles issued
    from 
    <i>Faith</i>went to number one in America, while by comparison,
    none managed to do so in the UK.</p>
    <p>"One More Try" was the third consecutive #1 single from the 
    <i>Faith</i>album. "One More Try" debuted at an impressive #40
    the week of April 16, 1988, and matching the speed of "Father
    Figure", reached #1 by its seventh week, May 28, 1988, this
    time staying there for three consecutive weeks. "One More Try"
    was the second-longest running #1 of 1988, tied with "Every
    Rose Has Its Thorn" by Poison, and behind the four-week run of
    Steve Winwood's "Roll With It". In total, "One More Try" spent
    7 weeks in the Top 10 and 14 weeks in the Top 40 of the
    Billboard Hot 100. "One More Try" was the last number-one
    single on the Hot R&amp;B/Hip-Hop Songs chart by a white male
    artist until Robin Thicke's "Lost Without U" (2007).</p>
    <p>In total, "One More Try" hit number one on:</p>
    <p>which made it the first single in the history of 
    <i>Billboard</i>to reach #1 on three different charts in the
    United States.</p>
    <p>"One More Try" Maxi CD</p>
    <p>In 1999, R&amp;B teen trio Divine recorded the song as their
    second single off their debut album 
    <i>Fairy Tales</i>.</p>
    <p>
      <span style="white-space:nowrap">"Careless
      Whisper" ·</span>
      <span style="white-space:nowrap">"A Different
      Corner" ·</span>
      <span style="white-space:nowrap">"I Want Your
      Sex" ·</span>
      <span style="white-space:nowrap">"Hard Day" ·</span>
      <span style="white-space:nowrap">"Faith" ·</span>
      <span style="white-space:nowrap">"Father
      Figure" ·</span>
      <span style="white-space:nowrap">"
      <strong class="selflink">
One More Try
</strong>" ·</span>
      <span style="white-space:nowrap">"Monkey" ·</span>
      <span style="white-space:nowrap">"Kissing a
      Fool" ·</span>
      <span style="white-space:nowrap">"Praying for
      Time" ·</span>
      <span style="white-space:nowrap">"Waiting for That
      Day" ·</span>
      <span style="white-space:nowrap">"Mother's
      Pride" ·</span>
      <span style="white-space:nowrap">"Freedom! '90" ·</span>
      <span style="white-space:nowrap">"Heal the
      Pain" ·</span>
      <span style="white-space:nowrap">"Cowboys and
      Angels" ·</span>
      <span style="white-space:nowrap">"Too Funky" ·</span>
      <span style="white-space:nowrap">"Killer" / "Papa Was a
      Rollin' Stone" ·</span>
      <span style="white-space:nowrap">"Jesus to a
      Child" ·</span>
      <span style="white-space:nowrap">"Fastlove" ·</span>
      <span style="white-space:nowrap">"Spinning the
      Wheel" ·</span>
      <span style="white-space:nowrap">"Older / I Can't Make You
      Love Me" ·</span>
      <span style="white-space:nowrap">"Star People
      '97" ·</span>
      <span style="white-space:nowrap">"You Have Been Loved / The
      Strangest Thing '97" ·</span>
      <span style="white-space:nowrap">"Outside" ·</span>
      <span style="white-space:nowrap">"Freeek!" ·</span>
      <span style="white-space:nowrap">"Shoot the
      Dog" ·</span>
      <span style="white-space:nowrap">"Amazing" ·</span>
      <span style="white-space:nowrap">"Flawless (Go to the
      City)" ·</span>
      <span style="white-space:nowrap">"Round Here" ·</span>
      <span style="white-space:nowrap">"John and Elvis Are
      Dead" ·</span>
      <span style="white-space:nowrap">"An Easier
      Affair" ·</span>
      <span style="white-space:nowrap">"December Song (I Dreamed of
      Christmas)"</span>
    </p>
  </descr>
</top-song>
