<top-song xmlns="http://marklogic.com/MLU/top-songs">
  <!--Copyright (c) 2010 Mark Logic Corporation. Permission is
granted to copy, distribute and/or modify this document under the terms of the
GNU Free Documentation License, Version 1.2 or any later version published by
the Free Software Foundation; with no Invariant Sections, no Front-Cover Texts,
and no Back-Cover Texts. A copy of the license is included in the section 
entitled "GNU Free Documentation License." Content derived from 
http://en.wikipedia.org/wiki/Faith_(George_Michael_song) 

Modified in February 2010 by Mark Logic Corporation under the terms of the 
GNU Free Documentation License.-->
  <title href="http://en.wikipedia.org/wiki/Faith_(George_Michael_song)" xmlns:ts="http://marklogic.com/MLU/top-songs">Faith</title>
  <artist xmlns:ts="http://marklogic.com/MLU/top-songs">George Michael</artist>
  <weeks last="1987-12-26">
    <week>1987-12-12</week>
    <week>1987-12-19</week>
    <week>1987-12-26</week>
  </weeks>
  <album url="http://upload.wikimedia.org/wikipedia/en/thumb/c/cc/Faith_-_George_Michael_-_CD_Single.jpg/200px-Faith_-_George_Michael_-_CD_Single.jpg" uri="/images/George-Michael+Faith.jpg">Faith</album>
  <released>October 12, 1987</released>
  <formats>
    <format>CD single</format>
    <format>7" single</format>
  </formats>
  <recorded>1987</recorded>
  <genres>
    <genre>Pop rock</genre>
  </genres>
  <lengths>
    <length>3:16</length>
  </lengths>
  <label>Columbia Records</label>
  <writers>
    <writer>George Michael</writer>
  </writers>
  <producers>
    <producer>George Michael</producer>
  </producers>
  <descr>
    <p>"Faith" was a #1 song, written and performed by George
    Michael, released as a single on Columbia Records, from his
    1987 album. According to magazine, it was the top-selling
    single of the year in the United States in 1988.</p>
    <p>7": UK / Epic EMU 2</p>
    <p>12": UK / Epic EMU T2</p>
    <p>U.S. CD single</p>
    <p>Having disbanded Wham! the previous year, there was a keen
    expectation for Michael's solo career and "Faith" would go on
    to become one of his most popular and enduring songs, as well
    as being the most simplistic in its production. It was the
    second of six singles released from the well-received
    album.</p>
    <p>A famous video was made, which provided some definitive
    images of the 1980s music industry in the process - Michael in
    shades, designer stubble, a leather jacket &amp; a particularly
    memorable pair of tight Levi's blue jeans &amp; cowboy boots,
    playing a guitar near a classic-design jukebox.</p>
    <p>The video for "Freedom! '90", released three years later,
    used some of the elements used in the "Faith" video, from the
    guitar, jeans, jacket all the way to the jukebox.</p>
    <p>The song reached number one on the U.S. Billboard Hot 100
    singles chart and number two on the UK Singles Chart.</p>
    <p>On the Hot 100 chart, "Faith" rocketed from #54 to #37, the
    week of October 31, 1987, reaching #1 on December 12, 1987 and
    remaining there for 4consecutive weeks, easily becoming the
    longest running chart topper of 1987. Altogether, "Faith"
    lingered in the Top 10 for 9 weeks, the Top 20 for 11 weeks
    &amp; the Top 40 for 15 weeks.</p>
    <p>"Faith" was covered by the Nu metal/Rapcore band Limp Bizkit
    on their 1997 album 
    <i>Three Dollar Bill, Yall$</i>. The video (released November
    20, 1998) shows scenes of Limp Bizkit by their tour bus at the
    Family Values Tour 1998. It features Fred Durst and Wes Borland
    dressed up as their alter egos 'The Weapon' and 'The
    Liquidator' at the beginning, with Borland explaining that he
    "...hates Limp Bizkit.". Jonathan Davis Fieldy and Brian "Head"
    Welch from Korn also make an appearance.</p>
    <p>The song is followed by a hidden track, "Blind", which is
    1:25 long (not to be confused by Korn's song, also named
    "Blind").</p>
    <p>This version of "Faith" is featured in the promo of the 2008
    film 
    <i>Religulous</i>.</p>
    <p>
      <span style="white-space:nowrap">"Careless
      Whisper" ·</span>
      <span style="white-space:nowrap">"A Different
      Corner" ·</span>
      <span style="white-space:nowrap">"I Want Your
      Sex" ·</span>
      <span style="white-space:nowrap">"Hard Day" ·</span>
      <span style="white-space:nowrap">"
      <strong class="selflink">
Faith
</strong>" ·</span>
      <span style="white-space:nowrap">"Father
      Figure" ·</span>
      <span style="white-space:nowrap">"One More Try" ·</span>
      <span style="white-space:nowrap">"Monkey" ·</span>
      <span style="white-space:nowrap">"Kissing a
      Fool" ·</span>
      <span style="white-space:nowrap">"Praying for
      Time" ·</span>
      <span style="white-space:nowrap">"Waiting for That
      Day" ·</span>
      <span style="white-space:nowrap">"Mother's
      Pride" ·</span>
      <span style="white-space:nowrap">"Freedom! '90" ·</span>
      <span style="white-space:nowrap">"Heal the
      Pain" ·</span>
      <span style="white-space:nowrap">"Cowboys and
      Angels" ·</span>
      <span style="white-space:nowrap">"Too Funky" ·</span>
      <span style="white-space:nowrap">"Killer" / "Papa Was a
      Rollin' Stone" ·</span>
      <span style="white-space:nowrap">"Jesus to a
      Child" ·</span>
      <span style="white-space:nowrap">"Fastlove" ·</span>
      <span style="white-space:nowrap">"Spinning the
      Wheel" ·</span>
      <span style="white-space:nowrap">"Older / I Can't Make You
      Love Me" ·</span>
      <span style="white-space:nowrap">"Star People
      '97" ·</span>
      <span style="white-space:nowrap">"You Have Been Loved / The
      Strangest Thing '97" ·</span>
      <span style="white-space:nowrap">"Outside" ·</span>
      <span style="white-space:nowrap">"Freeek!" ·</span>
      <span style="white-space:nowrap">"Shoot the
      Dog" ·</span>
      <span style="white-space:nowrap">"Amazing" ·</span>
      <span style="white-space:nowrap">"Flawless (Go to the
      City)" ·</span>
      <span style="white-space:nowrap">"Round Here" ·</span>
      <span style="white-space:nowrap">"John and Elvis Are
      Dead" ·</span>
      <span style="white-space:nowrap">"An Easier
      Affair" ·</span>
      <span style="white-space:nowrap">"December Song (I Dreamed of
      Christmas)"</span>
    </p>
  </descr>
</top-song>
