<top-song xmlns="http://marklogic.com/MLU/top-songs">
  <!--Copyright (c) 2010 Mark Logic Corporation. Permission is
granted to copy, distribute and/or modify this document under the terms of the
GNU Free Documentation License, Version 1.2 or any later version published by
the Free Software Foundation; with no Invariant Sections, no Front-Cover Texts,
and no Back-Cover Texts. A copy of the license is included in the section 
entitled "GNU Free Documentation License." Content derived from 
http://en.wikipedia.org/wiki/She_Ain%27t_Worth_It 

Modified in February 2010 by Mark Logic Corporation under the terms of the 
GNU Free Documentation License.-->
  <title href="http://en.wikipedia.org/wiki/She_Ain%27t_Worth_It" xmlns:ts="http://marklogic.com/MLU/top-songs">She Ain't Worth It</title>
  <artist href="http://en.wikipedia.org/wiki/Glenn_Medeiros" xmlns:ts="http://marklogic.com/MLU/top-songs">Glenn Medeiros featuring Bobby Brown</artist>
  <weeks last="1990-07-28">
    <week>1990-07-21</week>
    <week>1990-07-28</week>
  </weeks>
  <released>1990</released>
  <genres>
    <genre>Pop/R&amp;B</genre>
  </genres>
  <writers>
    <writer>Antonina Armato</writer>
    <writer>Bobby Brown</writer>
    <writer>Ian Prince</writer>
  </writers>
  <descr>
    <p>"She Ain't Worth It" is a song recorded by Glenn Medeiros
    with a rap verse from singer Bobby Brown. It hit number one for
    two weeks on the Billboard Hot 100 on July 21, 1990, becoming
    Medeiros' only number one and Brown's second and last number
    one hit after "My Prerogative".</p>
    
  </descr>
</top-song>
