<top-song xmlns="http://marklogic.com/MLU/top-songs">
  <!--Copyright (c) 2010 Mark Logic Corporation. Permission is
granted to copy, distribute and/or modify this document under the terms of the
GNU Free Documentation License, Version 1.2 or any later version published by
the Free Software Foundation; with no Invariant Sections, no Front-Cover Texts,
and no Back-Cover Texts. A copy of the license is included in the section 
entitled "GNU Free Documentation License." Content derived from 
http://en.wikipedia.org/wiki/Coming_Out_of_the_Dark 

Modified in February 2010 by Mark Logic Corporation under the terms of the 
GNU Free Documentation License.-->
  <title href="http://en.wikipedia.org/wiki/Coming_Out_of_the_Dark" xmlns:ts="http://marklogic.com/MLU/top-songs">Coming Out of the Dark</title>
  <artist href="http://en.wikipedia.org/wiki/Gloria_Estefan" xmlns:ts="http://marklogic.com/MLU/top-songs">Gloria Estefan</artist>
  <weeks last="1991-04-06">
    <week>1991-03-30</week>
    <week>1991-04-06</week>
  </weeks>
  <album url="http://upload.wikimedia.org/wikipedia/en/thumb/3/35/Comingoutofthedarkcover1.jpg/200px-Comingoutofthedarkcover1.jpg" uri="/images/Gloria-Estefan+Coming-Out-of-the-Dark.jpg">Into the
  Light</album>
  <released>January 10, 1991  (1991-01-10) , (see Release
  history )</released>
  <formats>
    <format>CD single</format>
    <format>CD maxi single</format>
    <format>Cassette Single</format>
    <format>3" Vinyl Single</format>
    <format>7" Vinyl Single</format>
    <format>12" Vinyl Single</format>
  </formats>
  <recorded>1990</recorded>
  <genres>
    <genre>Pop</genre>
  </genres>
  <label>Epic Records</label>
  <writers>
    <writer>Gloria Estefan</writer>
    <writer>Emilio Estefan Jr.</writer>
    <writer>Jon Secada</writer>
  </writers>
  <descr>
    <p>"Coming Out of the Dark" is a single by American singer and
    songwriter Gloria Estefan. It was released in 1991 worldwide as
    the leading and first single of the album 
    <i>Into the Light</i>, becoming the singer’s third number one
    in the U.S.</p>
    
    <p>This is the first single released after Estefan's tragic
    accident—an 18-wheeler rammed her tour bus, nearly causing the
    singer's death—when her "Get on Your Feet Tour" was in
    progress. It is also the first song that Estefan performed
    publicly after recovering. The song is inspired by the
    near-fatal accident and also is dedicated to Emilio Estefan,
    Jr., Gloria’s husband, who was with her until this dark time
    ended for the Estefans and their fans.</p>
    <p>The song is a soft-pop song which includes the use of a
    choir. Among the voices in the choir are Gloria’s colleague,
    the Cuban singer Jon Secada, and the R&amp;B singer Betty
    Wright (both had participated in backing vocals on Gloria’s
    album, 
    <i>Cuts Both Ways</i>as well as 
    <i>Into the Light</i>.)</p>
    <p>Estefan also recorded the Spanish version of the song,
    called "Desde la Oscuridad". The song was released to
    Latin-American radio stations and the considerable airplay it
    received took the song to the Top Five of the Hot Latin Songs
    chart.</p>
    <p>These are the formats and track listings of major single
    releases of "Coming Out of the Dark".</p>
    <p>Europe CD maxi single ()</p>
    <p>Even though the song was a number one hit in the U.S. (and
    her last to date), the song didn’t have as much impact in the
    rest of the world. In Ireland, where Estefan had some high
    position songs, this single only reached the Top 20; and in UK
    reached the Top 40, a very low position in comparison to other
    singles.</p>
    <p>Original versions</p>
  </descr>
</top-song>
