<top-song xmlns="http://marklogic.com/MLU/top-songs">
  <!--Copyright (c) 2010 Mark Logic Corporation. Permission is
granted to copy, distribute and/or modify this document under the terms of the
GNU Free Documentation License, Version 1.2 or any later version published by
the Free Software Foundation; with no Invariant Sections, no Front-Cover Texts,
and no Back-Cover Texts. A copy of the license is included in the section 
entitled "GNU Free Documentation License." Content derived from 
http://en.wikipedia.org/wiki/Shake_You_Down 

Modified in February 2010 by Mark Logic Corporation under the terms of the 
GNU Free Documentation License.-->
  <title href="http://en.wikipedia.org/wiki/Shake_You_Down" xmlns:ts="http://marklogic.com/MLU/top-songs">Shake You Down</title>
  <artist href="http://en.wikipedia.org/wiki/Gregory_Abbott" xmlns:ts="http://marklogic.com/MLU/top-songs">Gregory Abbott</artist>
  <weeks last="1987-01-17">
    <week>1987-01-17</week>
  </weeks>
  <album>Shake You Down</album>
  <released>September 1986</released>
  <formats>
    <format>Vinyl record (7")</format>
  </formats>
  <recorded>CBS 06191(1986)</recorded>
  <genres>
    <genre>Soul</genre>
    <genre>R&amp;B</genre>
  </genres>
  <lengths>
    <length>4:04</length>
  </lengths>
  <label>Columbia</label>
  <writers>
    <writer>Gregory Abbott</writer>
  </writers>
  <producers>
    <producer>Gregory Abbott</producer>
  </producers>
  <descr>
    <p>"Shake You Down" is the title track from Gregory Abbott's
    debut album, released in 1986. As a single, it became Abbott's
    biggest hit and was certified platinum by the RIAA.</p>
    <p>Gregory Abbott wrote the song along with over thirty others
    before striking a record deal with CBS. He recorded a demo tape
    and chose the best three. Prior to achieving success on the
    charts he worked with Freda Payne.</p>
    <p>"Shake You Down" was released as the first single from 
    <i>Gregory Abbott</i>. It went to number one on the black
    singles chart in October 1986, and on January 17, 1987, it
    reached the top spot on the Billboard Hot 100 singles chart. It
    was a hit across the Atlantic Ocean, as well, peaking at number
    six in the UK Singles Chart (spending a total of 13 weeks on
    that chart from 22 November 1986). It was not intended as the
    original single to promote the album, as "I Got the Feeling"
    was scheduled to be the first single. It was postponed as the
    follow-up, peaking at #56.</p>
  </descr>
</top-song>
