<top-song xmlns="http://marklogic.com/MLU/top-songs">
  <!--Copyright (c) 2010 Mark Logic Corporation. Permission is
granted to copy, distribute and/or modify this document under the terms of the
GNU Free Documentation License, Version 1.2 or any later version published by
the Free Software Foundation; with no Invariant Sections, no Front-Cover Texts,
and no Back-Cover Texts. A copy of the license is included in the section 
entitled "GNU Free Documentation License." Content derived from 
http://en.wikipedia.org/wiki/Heartaches_by_the_Number 

Modified in February 2010 by Mark Logic Corporation under the terms of the 
GNU Free Documentation License.-->
  <title href="http://en.wikipedia.org/wiki/Heartaches_by_the_Number" xmlns:ts="http://marklogic.com/MLU/top-songs">Heartaches by the Number</title>
  <artist href="http://en.wikipedia.org/wiki/Guy_Mitchell" xmlns:ts="http://marklogic.com/MLU/top-songs">Guy Mitchell</artist>
  <weeks last="1959-12-21">
    <week>1959-12-14</week>
    <week>1959-12-21</week>
  </weeks>
  <descr>
    <p>"Heartaches by the Number" is a popular and country song
    written by Harlan Howard and published in 1959.</p>
    <p>The biggest hit version was recorded by Guy Mitchell on
    August 24, 1959. It reached the number-one spot on the
    Billboard Hot 100 for the weeks of December 14 and December 21,
    1959. The recording was released by Columbia Records as catalog
    number 41476.</p>
    <p>Earlier in the year, the song also made the country music
    charts in a version by Ray Price. Price's version reached
    number two and spent 40 weeks on the 
    <i>Billboard</i>Hot C&amp;W Sides chart.</p>
    <p>Bing Crosby recorded the song for his 1965 album "Bing
    Crosby Sings The Great Country Hits"</p>
    <p>In 1979, it was one of the last songs to be recorded by Bill
    Haley.</p>
    
  </descr>
</top-song>
