<top-song xmlns="http://marklogic.com/MLU/top-songs">
  <!--Copyright (c) 2010 Mark Logic Corporation. Permission is
granted to copy, distribute and/or modify this document under the terms of the
GNU Free Documentation License, Version 1.2 or any later version published by
the Free Software Foundation; with no Invariant Sections, no Front-Cover Texts,
and no Back-Cover Texts. A copy of the license is included in the section 
entitled "GNU Free Documentation License." Content derived from 
http://en.wikipedia.org/wiki/Fallin%27_in_Love_(1975_song) 

Modified in February 2010 by Mark Logic Corporation under the terms of the 
GNU Free Documentation License.-->
  <title href="http://en.wikipedia.org/wiki/Fallin%27_in_Love_(1975_song)" xmlns:ts="http://marklogic.com/MLU/top-songs">Fallin' in Love</title>
  <artist href="http://en.wikipedia.org/wiki/Hamilton,_Joe_Frank_%26_Reynolds" xmlns:ts="http://marklogic.com/MLU/top-songs">Hamilton, Joe Frank &amp; Reynolds</artist>
  <weeks last="1975-08-23">
    <week>1975-08-23</week>
  </weeks>
  <album>Fallin' in Love</album>
  <released>May 1975</released>
  <formats>
    <format>7"</format>
  </formats>
  <genres>
    <genre>Pop</genre>
    <genre>Soul</genre>
  </genres>
  <lengths>
    <length>3:02</length>
  </lengths>
  <label>Playboy Records</label>
  <writers>
    <writer>Dan Hamilton</writer>
    <writer>Ann Hamilton</writer>
  </writers>
  <producers>
    <producer>Jim Price</producer>
  </producers>
  <descr>
    <p>"Fallin' In Love" is an American pop music song recorded and
    released by the trio of Hamilton, Joe Frank &amp; Reynolds. The
    song was written by band member Dan Hamilton. Released in the
    summer of 1975, the song became the group's second Top 10 hit
    on the Billboard Hot 100 chart in the U.S. (following 1971's
    "Don't Pull Your Love", which peaked at #4), and it was their
    only song to reach the #1 position on this chart. It was also
    the only pop #1 hit for the Playboy Records label.</p>
    <p>The song reached #24 on 
    <i>Billboard'</i>s Hot Soul Singles chart. In addition,
    "Fallin' in Love" was a #1 hit on the adult contemporary chart
    in the U.S. for one week in 1975.</p>
    <p>The song was covered by La Bouche in 1995 on their debut
    album 
    <i>Sweet Dreams</i>, and sampled by Drake for his single "Best
    I Ever Had".</p>
  </descr>
</top-song>
