<top-song xmlns="http://marklogic.com/MLU/top-songs">
  <!--Copyright (c) 2010 Mark Logic Corporation. Permission is
granted to copy, distribute and/or modify this document under the terms of the
GNU Free Documentation License, Version 1.2 or any later version published by
the Free Software Foundation; with no Invariant Sections, no Front-Cover Texts,
and no Back-Cover Texts. A copy of the license is included in the section 
entitled "GNU Free Documentation License." Content derived from 
http://en.wikipedia.org/wiki/I%27ll_Get_By_(As_Long_as_I_Have_You) 

Modified in February 2010 by Mark Logic Corporation under the terms of the 
GNU Free Documentation License.-->
  <title href="http://en.wikipedia.org/wiki/I%27ll_Get_By_(As_Long_as_I_Have_You)" xmlns:ts="http://marklogic.com/MLU/top-songs">I'll Get By (As Long as I Have You)</title>
  <artist href="http://en.wikipedia.org/wiki/Harry_James" xmlns:ts="http://marklogic.com/MLU/top-songs">Harry James</artist>
  <weeks last="1944-06-10">
    <week>1944-06-10</week>
  </weeks>
  <descr>
    <p>"I'll Get By (As Long as I Have You)" is a popular song with
    music by Fred E. Ahlert and lyrics by Roy Turk. It was
    published in 1928. The song was revived to even greater success
    in 1944, when the 1940 recording by Harry James (Dick Haymes
    vocal) was re-released (Billboard #1). The Ink Spots version
    was also popular in 1944, reaching the retail top ten.</p>
    <p>Later covers include: UK singer, Maureen Evans in 1958; Jack
    Jones for his 1965 album 
    <i>Dear Heart</i>and Sun Ra in 1973 and 1977 in his posthumous
    album "Some Blues But Not The Kind Thats Blue".</p>
    <p>This song was interpreted by Marilyn Monroe during one of
    her lessons in the Actors'studio. She made the audience cry. A
    proof that she really was a good actress.</p>
    <p>This song is not to be confused with "I'll Get By," the 1992
    hit ballad by Eddie Money.</p>
    
  </descr>
</top-song>
