<top-song xmlns="http://marklogic.com/MLU/top-songs">
  <!--Copyright (c) 2010 Mark Logic Corporation. Permission is
granted to copy, distribute and/or modify this document under the terms of the
GNU Free Documentation License, Version 1.2 or any later version published by
the Free Software Foundation; with no Invariant Sections, no Front-Cover Texts,
and no Back-Cover Texts. A copy of the license is included in the section 
entitled "GNU Free Documentation License." Content derived from 
http://en.wikipedia.org/wiki/Love_Theme_from_Romeo_and_Juliet 

Modified in February 2010 by Mark Logic Corporation under the terms of the 
GNU Free Documentation License.-->
  <title href="http://en.wikipedia.org/wiki/Love_Theme_from_Romeo_and_Juliet" xmlns:ts="http://marklogic.com/MLU/top-songs">Love Theme from Romeo and Juliet</title>
  <artist href="http://en.wikipedia.org/wiki/Henry_Mancini" xmlns:ts="http://marklogic.com/MLU/top-songs">Henry Mancini</artist>
  <weeks last="1969-07-05">
    <week>1969-06-28</week>
    <week>1969-07-05</week>
  </weeks>
  <descr>
    <p>"Love Theme from Romeo and Juliet", also known as "A Time
    for Us", is an instrumental arranged by Henry Mancini. It was a
    number-one pop hit in the United States during the year 1969.
    It topped the Billboard Hot 100 singles chart on June 28, 1969,
    and remained there for two weeks.</p>
    <p>The melody is the theme from the movie 
    <i>Romeo and Juliet</i>, which starred Leonard Whiting and
    Olivia Hussey. Rearranged by Mancini, the song started
    competing with rock and roll songs from The Beatles and the
    Rolling Stones on an Orlando, Florida radio station and spread
    from there. It faced stiff opposition from some radio states
    for being too soft. Those stations had to change their mind
    when the song become number one.</p>
    <p>This release also topped the U.S. easy listening chart for
    eight weeks.</p>
  </descr>
</top-song>
