<top-song xmlns="http://marklogic.com/MLU/top-songs">
  <!--Copyright (c) 2010 Mark Logic Corporation. Permission is
granted to copy, distribute and/or modify this document under the terms of the
GNU Free Documentation License, Version 1.2 or any later version published by
the Free Software Foundation; with no Invariant Sections, no Front-Cover Texts,
and no Back-Cover Texts. A copy of the license is included in the section 
entitled "GNU Free Documentation License." Content derived from 
http://en.wikipedia.org/wiki/This_Guy%27s_in_Love_with_You 

Modified in February 2010 by Mark Logic Corporation under the terms of the 
GNU Free Documentation License.-->
  <title href="http://en.wikipedia.org/wiki/This_Guy%27s_in_Love_with_You" xmlns:ts="http://marklogic.com/MLU/top-songs">This Guy's in Love with You</title>
  <artist href="http://en.wikipedia.org/wiki/Herb_Alpert" xmlns:ts="http://marklogic.com/MLU/top-songs">Herb Alpert</artist>
  <weeks last="1968-07-13">
    <week>1968-06-22</week>
    <week>1968-06-29</week>
    <week>1968-07-06</week>
    <week>1968-07-13</week>
  </weeks>
  <album>The Beat of the Brass</album>
  <released>April 1968</released>
  <formats>
    <format>7"</format>
  </formats>
  <genres>
    <genre>Pop</genre>
  </genres>
  <lengths>
    <length>4:01</length>
  </lengths>
  <label>A&amp;M Records</label>
  <writers>
    <writer>Burt Bacharach</writer>
    <writer>Hal David</writer>
  </writers>
  <descr>
    <p>"This Guy's in Love with You" is a song written by Burt
    Bacharach and Hal David and recorded by Herb Alpert. Although
    known primarily for his trumpet playing as the leader of the
    Tijuana Brass, Alpert sang lead vocals on this solo recording,
    arranged by Bacharach.</p>
    <p>Alpert originally sang "This Guy's in Love with You" on a
    1968 television special (
    <i>The Beat of the Brass</i>). In response to numerous viewer
    telephone calls, the song was released as a single and reached
    #1 on the U.S. Billboard Hot 100 in June of that year,
    remaining in the top position for four weeks. It was not only
    Alpert's first #1 record, but it was also the first #1 record
    for his A&amp;M record label. The song also spent an impressive
    ten weeks at #1 on the adult contemporary chart, which at the
    time was referred to as the "Easy Listening" chart. For the
    single's B-side, Alpert chose "A Quiet Tear," an album track
    from his first album in 1962, 
    <i>The Lonely Bull</i>.</p>
    <p>Eleven years later Alpert would become the first (and only)
    artist to reach the top of the Hot 100 with both a vocal
    performance and an instrumental performance ("Rise", 1979).</p>
    <p>Larry Goldings Trio cover the tune on the album 'Sweet
    Science'</p>
  </descr>
</top-song>
