<top-song xmlns="http://marklogic.com/MLU/top-songs">
  <!--Copyright (c) 2010 Mark Logic Corporation. Permission is
granted to copy, distribute and/or modify this document under the terms of the
GNU Free Documentation License, Version 1.2 or any later version published by
the Free Software Foundation; with no Invariant Sections, no Front-Cover Texts,
and no Back-Cover Texts. A copy of the license is included in the section 
entitled "GNU Free Documentation License." Content derived from 
http://en.wikipedia.org/wiki/Mrs._Brown,_You%27ve_Got_a_Lovely_Daughter 

Modified in February 2010 by Mark Logic Corporation under the terms of the 
GNU Free Documentation License.-->
  <title href="http://en.wikipedia.org/wiki/Mrs._Brown,_You%27ve_Got_a_Lovely_Daughter" xmlns:ts="http://marklogic.com/MLU/top-songs">Mrs. Brown, You've Got a Lovely Daughter</title>
  <artist href="http://en.wikipedia.org/wiki/Herman%27s_Hermits" xmlns:ts="http://marklogic.com/MLU/top-songs">Herman's Hermits</artist>
  <weeks last="1965-05-15">
    <week>1965-05-01</week>
    <week>1965-05-08</week>
    <week>1965-05-15</week>
  </weeks>
  <descr>
    <p>"Mrs Brown, You've Got a Lovely Daughter" is a popular song
    written by Trevor Peacock. It was originally sung by actor Sir
    Tom Courtenay in 
    <i>The Lads</i>, a British TV play of 1963.</p>
    <p>The best-known version of the song is by Herman's Hermits,
    who took it to number one on the U.S. Billboard Hot 100 in
    April 1965. Herman's Hermits had two U.S. number-ones, the
    other being "I'm Henry VIII, I Am". The band never released
    them as singles in Britain. "Mrs Brown, You've Got a Lovely
    Daughter" was recorded as an afterthought in two takes and
    featured unique muted rhythm guitar by Keith Hopwood and
    heavily accented vocals by Peter Noone with backing from Karl
    Green and Keith Hopwood. The band never dreamed it would be a
    single let alone hit number one in the U.S.(Hopwood pers.
    correspondence.) According to Pete Noone, the song was well
    known to British bands; it would often be performed at birthday
    parties, substituting the name of the girl whose party was
    being celebrated, i.e. "Mrs. Smith" or "Mrs. Jones" instead of
    "Mrs. Brown".</p>
    <p>The song was released in Japan on Odeon records, a
    subsidiary of Toshiba, as OR-1272. It was backed by the song
    Wonderful World.</p>
    <p>Herman's Hermits also featured in a film of the same name,
    and recorded an album in 1968 with the same title.</p>
    
  </descr>
</top-song>
