<top-song xmlns="http://marklogic.com/MLU/top-songs">
  <!--Copyright (c) 2010 Mark Logic Corporation. Permission is
granted to copy, distribute and/or modify this document under the terms of the
GNU Free Documentation License, Version 1.2 or any later version published by
the Free Software Foundation; with no Invariant Sections, no Front-Cover Texts,
and no Back-Cover Texts. A copy of the license is included in the section 
entitled "GNU Free Documentation License." Content derived from 
http://en.wikipedia.org/wiki/Flashdance..._What_a_Feeling 

Modified in February 2010 by Mark Logic Corporation under the terms of the 
GNU Free Documentation License.-->
  <title href="http://en.wikipedia.org/wiki/Flashdance..._What_a_Feeling" xmlns:ts="http://marklogic.com/MLU/top-songs">Flashdance... What a Feeling</title>
  <artist href="http://en.wikipedia.org/wiki/Irene_Cara" xmlns:ts="http://marklogic.com/MLU/top-songs">Irene Cara</artist>
  <weeks last="1983-07-02">
    <week>1983-05-28</week>
    <week>1983-06-04</week>
    <week>1983-06-11</week>
    <week>1983-06-18</week>
    <week>1983-06-25</week>
    <week>1983-07-02</week>
  </weeks>
  <album url="http://upload.wikimedia.org/wikipedia/en/thumb/d/de/What_a_feeling_7%22.jpg/200px-What_a_feeling_7%22.jpg" uri="/images/Irene-Cara+Flashdance-What-a-Feeling.jpg">What a
  Feelin'Flashdance soundtrack</album>
  <released>April 3, 1983 , 2001 (re-released)</released>
  <formats>
    <format>12" single</format>
    <format>7" single</format>
  </formats>
  <recorded>1983</recorded>
  <genres>
    <genre>Pop rock</genre>
    <genre>Dance-pop</genre>
    <genre>Euro-Disco</genre>
    <genre>New Wave</genre>
  </genres>
  <lengths>
    <length>3:55</length>
  </lengths>
  <label>Casablanca Records</label>
  <writers>
    <writer>Giorgio Moroder (music)</writer>
    <writer>Keith Forsey (lyrics)</writer>
    <writer>Irene Cara (lyrics)</writer>
  </writers>
  <producers>
    <producer>Giorgio Moroder</producer>
  </producers>
  <descr>
    <p>"Flashdance... What a Feeling" is an Academy Award winning
    song from the 1983 film 
    <i>Flashdance</i>, written by Giorgio Moroder, Keith Forsey,
    Irene Cara and which was performed by Cara.,</p>
    <p>In addition to topping the Billboard Hot 100 and earning a
    platinum record in 1983, "Flashdance... What a Feeling" won the
    Academy Award for Best Original Song and the Golden Globe Award
    for Best Original Song in 1984. Despite the title, the word
    "Flashdance" is never used in the lyrics. The instrumental
    backing tracks of the song make extensive use of
    synthesizers.</p>
    <p>"Flashdance......What a Feeling" was originally recorded by
    Joe Esposito before Irene Cara was asked to rerecord, since it
    would be from a women persective.</p>
    <p>The song has appeared on the original soundtrack album of 
    <i>Flashdance</i>, and Irene Cara's second solo album, 
    <i>What a Feelin'</i>. The song also won the Grammy Award for
    Best Pop Vocal Performance, Female in 1984. It was also
    nominated for Record of the Year.</p>
    <p>A variation of the song was used as the basis of an Apple
    corporate video in 1984. The music was slightly different, and
    the lyrics were changed from "What a Feeling" to "We are
    Apple".</p>
    <p>There are additional lyrics in the 12-inch single version of
    the song. The lines "
    <i>If I only could take all the love that you give, and escape
    to a world crystal clear</i>" precede the lines "
    <i>Well I hear the music, close my eyes, feel the rhythm</i>".
    There is also a second instrumental break with a guitar
    solo.</p>
    <p>The song ranks at #26 on 
    <i>Billboard's All Time Top 100.</i></p>
    <p>In the UK, the song spent one week at #2 on the chart dated
    July 5, 1983, being kept off the top position by the Rod
    Stewart's song "Baby Jane." The song was the 25th best-selling
    single of 1983 in the UK.</p>
    <p>The song was the number 3 single of the year (1983) on
    Billboard's year-end chart. American Top 40 ranked it as the
    number two song of 1983.</p>
    <p>The soundtrack album has the version that is usually played
    by radio stations. The song appears twice in the film, during
    the opening title sequence and as the backing for Alex's
    audition routine in the final sequence. Both of these versions
    were recorded specially for the film, and have different
    arrangements from the album version.</p>
    <p>Irene Cara's song was used in an Australian Beer Commercial.
    It depicts a man auditioning for a job as a beer brewer and
    uses a similar dance routine that was used in the film. The
    advertisement was for Carlton Draught beer.</p>
    <p>Since the early 2000s, 
    <i>What a Feeling</i>has been used in advertisements for
    heartburn relief medicine Gaviscon.</p>
  </descr>
</top-song>
