<top-song xmlns="http://marklogic.com/MLU/top-songs">
  <!--Copyright (c) 2010 Mark Logic Corporation. Permission is
granted to copy, distribute and/or modify this document under the terms of the
GNU Free Documentation License, Version 1.2 or any later version published by
the Free Software Foundation; with no Invariant Sections, no Front-Cover Texts,
and no Back-Cover Texts. A copy of the license is included in the section 
entitled "GNU Free Documentation License." Content derived from 
http://en.wikipedia.org/wiki/You_Send_Me 

Modified in February 2010 by Mark Logic Corporation under the terms of the 
GNU Free Documentation License.-->
  <title href="http://en.wikipedia.org/wiki/You_Send_Me" xmlns:ts="http://marklogic.com/MLU/top-songs">You Send Me "/ " Summertime, Pt 1 " Sam Cooke</title>
  <artist xmlns:ts="http://marklogic.com/MLU/top-songs">"Jailhouse Rock" Elvis Presley</artist>
  <weeks last="1957-12-02">
    <week>1957-12-02</week>
  </weeks>
  <album url="http://upload.wikimedia.org/wikipedia/en/0/09/Sam_Cooke_-_You_Send_Me.jpg" uri="/images/Jailhouse-Rock-Elvis-Presley+You-Send-Me-Summertime-Pt-1-Sam-Cooke.jpg">
  Sam Cooke</album>
  <released>September 7, 1957</released>
  <formats>
    <format>45 rpm</format>
    <format>78 rpm</format>
  </formats>
  <recorded>June 1, 1957</recorded>
  <genres>
    <genre>Soul</genre>
  </genres>
  <lengths>
    <length>2:43</length>
  </lengths>
  <label>Keen Records</label>
  <writers>
    <writer>Sam Cooke</writer>
  </writers>
  <producers>
    <producer>Bumps Blackwell</producer>
  </producers>
  <descr>
    <p>"You Send Me" is a 1957 single by R&amp;B singer-songwriter
    Sam Cooke. The song was his first secular single released
    through Keen Records, an imprint of RCA Victor Records. (His
    first non-gospel single, "Lovable," was released earlier that
    year under a pseudonym.) Released in September 1957, the record
    became an instant hit, topping the charts on both the 
    <i>Billboard</i>Pop and R&amp;B singles charts. The record
    established Cooke as a mainstream R&amp;B singer, apart from
    his gospel roots.</p>
    <p>At the same time a rendition was also released by Teresa
    Brewer, which reached #8 on the pop charts.</p>
    <p>Since its release, the song has become a landmark record of
    the soul genre, which Cooke helped create. It was named as one
    of the 500 most important rock and roll recordings by the Rock
    &amp; Roll Hall of Fame. In 2005, the song was voted #115 by
    representatives of the music industry and press in 
    <i>Rolling Stone</i>magazine's 
    <i>The 500 Greatest Songs of All Time</i>.</p>
    <p>The song has been covered by a number of artists, including
    Nat King Cole, The Drifters, The Everly Brothers, José
    Feliciano, Aretha Franklin, The Supremes, Otis Redding, Sam
    &amp; Dave, Percy Sledge, Van Morrison, Steven Houghton and the
    Steve Miller Band. In the United Kingdom, Rod Stewart released
    this song as part of a medley with "Bring It on Home to Me" and
    charted it on the UK Singles Chart at #7 as a double A-side
    with "Farewell". The Dixie Chicks released their version of the
    song on their 1992 independent release, "Little Ol'
    Cowgirl".</p>
  </descr>
</top-song>
