<top-song xmlns="http://marklogic.com/MLU/top-songs">
  <!--Copyright (c) 2010 Mark Logic Corporation. Permission is
granted to copy, distribute and/or modify this document under the terms of the
GNU Free Documentation License, Version 1.2 or any later version published by
the Free Software Foundation; with no Invariant Sections, no Front-Cover Texts,
and no Back-Cover Texts. A copy of the license is included in the section 
entitled "GNU Free Documentation License." Content derived from 
http://en.wikipedia.org/wiki/You%27ve_Got_a_Friend 

Modified in February 2010 by Mark Logic Corporation under the terms of the 
GNU Free Documentation License.-->
  <title href="http://en.wikipedia.org/wiki/You%27ve_Got_a_Friend" xmlns:ts="http://marklogic.com/MLU/top-songs">You've Got a Friend</title>
  <artist href="http://en.wikipedia.org/wiki/James_Taylor" xmlns:ts="http://marklogic.com/MLU/top-songs">James Taylor</artist>
  <weeks last="1971-07-31">
    <week>1971-07-31</week>
  </weeks>
  <album>Mud Slide Slim and the Blue Horizon</album>
  <released>1971</released>
  <formats>
    <format>7" Vinyl</format>
  </formats>
  <genres>
    <genre>Rock / Pop rock</genre>
  </genres>
  <lengths>
    <length>4:29</length>
  </lengths>
  <label>Warner Bros.</label>
  <writers>
    <writer>Carole King</writer>
  </writers>
  <producers>
    <producer>Peter Asher</producer>
  </producers>
  <descr>
    <p>"You've Got a Friend" is a Grammy Award winning song from
    1971. The song, written by Carole King, was included in her
    album 
    <i>Tapestry</i>of 1971, but was made famous by James Taylor's
    cover version the same year. Taylor's rendition, released as a
    single from his own 1971 album 
    <i>Mud Slide Slim and the Blue Horizon</i>, reached number 1 on
    the Billboard Hot 100 and number 4 on the UK Singles Chart, and
    won Grammy Awards both for Taylor (Best Pop Vocal Performance,
    Male) and King (Song of the Year).</p>
    <p>The song was recorded also during 1971 by Dusty Springfield,
    a recording that predates Taylor's version. It was recorded for
    her third album for Atlantic Records, but a dispute with the
    company meant the album was unreleased. The song was left
    unissued until 1999, when it was issued as a bonus track for
    the Rhino Records deluxe re-release of 
    <i>Dusty in Memphis</i>.</p>
    <p>Another soulful, gospel-tinged live version was recorded by
    Donny Hathaway on his 1972's 
    <i>Live</i>album and the posthumously released 
    <i>These Songs For You, Live!</i>.</p>
    <p>The Brand New Heavies with vocals by Siedah Garrett covered
    the song in 1997. This song did not appear on the US version of
    the album.</p>
    <p>UK CD Single BNCDP 10</p>
    <p>UK CD Single 570 013-2</p>
    <p>"You've Got a Friend" was performed by Céline Dion, Shania
    Twain, Gloria Estefan and Carole King at the 
    <i>VH1 Divas Live</i>concert on April 14, 1998. The event took
    place in New York City's Beacon Theatre. The entire concert was
    released on CD and DVD on October 6, 1998. Mariah Carey and
    Aretha Franklin also participated with this event.</p>
    <p>"You've Got a Friend" was issued as the second radio single
    to promote 
    <i>VH1 Divas Live</i>, after "(You Make Me Feel Like) A Natural
    Woman." It peaked at number 74 on the Belgian Flanders Airplay
    chart.</p>
    <p>European promotional CD single</p>
    <p>A number of other artists have covered "You've Got a
    Friend." A partial list includes:</p>
    
  </descr>
</top-song>
