<top-song xmlns="http://marklogic.com/MLU/top-songs">
  <!--Copyright (c) 2010 Mark Logic Corporation. Permission is
granted to copy, distribute and/or modify this document under the terms of the
GNU Free Documentation License, Version 1.2 or any later version published by
the Free Software Foundation; with no Invariant Sections, no Front-Cover Texts,
and no Back-Cover Texts. A copy of the license is included in the section 
entitled "GNU Free Documentation License." Content derived from 
http://en.wikipedia.org/wiki/Doesn%27t_Really_Matter 

Modified in February 2010 by Mark Logic Corporation under the terms of the 
GNU Free Documentation License.-->
  <title href="http://en.wikipedia.org/wiki/Doesn%27t_Really_Matter" xmlns:ts="http://marklogic.com/MLU/top-songs">Doesn't Really Matter</title>
  <artist href="http://en.wikipedia.org/wiki/Janet_Jackson" xmlns:ts="http://marklogic.com/MLU/top-songs">Janet</artist>
  <weeks last="2000-09-09">
    <week>2000-08-26</week>
    <week>2000-09-02</week>
    <week>2000-09-09</week>
  </weeks>
  <album url="http://upload.wikimedia.org/wikipedia/en/thumb/4/4d/Janet_Jackson_-_Doesn%27t_Really_Matter_single_cover.jpg/200px-Janet_Jackson_-_Doesn%27t_Really_Matter_single_cover.jpg" uri="/images/Janet+Doesn-t-Really-Matter.jpg">Nutty Professor II:
  The Klumps SoundtrackAll for You</album>
  <released>May 27, 2000  (2000-05-27)</released>
  <formats>
    <format>CD single</format>
    <format>cassette single</format>
    <format>12" single</format>
    <format>7" single</format>
  </formats>
  <recorded>February 2000 at Flyte Tyme Studios , ( Edina,
  Minnesota )</recorded>
  <genres>
    <genre>Dance-pop</genre>
    <genre>R&amp;B</genre>
  </genres>
  <lengths>
    <length>4:58 (soundtrack version)</length>
    <length>4:25 ( All for You version)</length>
    <length>4:18 (Radio Edit)</length>
  </lengths>
  <label>Def Soul , Virgin</label>
  <writers>
    <writer>Janet Jackson</writer>
    <writer>James Harris III</writer>
    <writer>Terry Lewis</writer>
  </writers>
  <producers>
    <producer>Janet Jackson</producer>
    <producer>Jimmy Jam and Terry Lewis</producer>
  </producers>
  <descr>
    <p>"Doesn't Really Matter" is a song recorded by American
    R&amp;B-pop singer Janet Jackson for the soundtrack to the 2000
    film 
    <i>Nutty Professor II: The Klumps</i>. Released as a single in
    July 2000, the track later appeared on Jackson's seventh studio
    album, 
    <i>All for You</i>(2001).</p>
    <p>The song was the lead single from the Universal Pictures
    film 
    <i>Nutty Professor II: The Klumps</i>, in which Jackson
    co-starred with actor Eddie Murphy. It became Jackson's ninth
    number one on the Hot 100 and first in the 2000s, staying atop
    for three weeks, and also making Jackson the first artist in
    history to score number-one singles in the '80s, '90s, and
    '00s. An alternate mix of the song was later included on
    Jackson's seventh studio album, 2001's 
    <i>All for You</i>. Jackson performed this version at the 2000
    MTV Video Music Awards. The song was used in the dance video
    game 
    <i>Dance Dance Revolution SuperNova</i>, and was covered in
    Japanese by Hitomi Shimatani and re-titled "Papillon"
    (Jackson's character's name). Jackson performed the song on her
    All for You Tour and Rock Witchu Tour.</p>
    <p>The music video, directed by Joseph Kahn, shows Jackson in
    an abstract anime-based, futuristic Japan, featuring an AIBO
    dog, morphing clothes, levitating platforms, and a futuristic
    Acura vehicle. Also, behind her and her dancers screens show
    various scenes from the Dreamcast games 
    <i>Jet Grind Radio</i>and 
    <i>Shenmue</i>. It was featured on MTV's 
    <i>Making the Video</i>on June 28, 2000. The video was only
    available on the enhanced CD single, and on the 
    <i>Nutty Professor II</i>DVD as part of an extra feature. It
    was not released on any of Jackson's video compilations. Janet
    Jackson discovered the lyrics in a notebook she found lying
    around. She thought it would go well with the movie. She didn't
    change anything about the song except the beat. The lyrics
    stayed the same. The music video was featured on a VHS release
    on 
    <i>Nutty Professor II: The Klumps</i>.</p>
  </descr>
</top-song>
