<top-song xmlns="http://marklogic.com/MLU/top-songs">
  <!--Copyright (c) 2010 Mark Logic Corporation. Permission is
granted to copy, distribute and/or modify this document under the terms of the
GNU Free Documentation License, Version 1.2 or any later version published by
the Free Software Foundation; with no Invariant Sections, no Front-Cover Texts,
and no Back-Cover Texts. A copy of the license is included in the section 
entitled "GNU Free Documentation License." Content derived from 
http://en.wikipedia.org/wiki/Again_(Janet_Jackson_song) 

Modified in February 2010 by Mark Logic Corporation under the terms of the 
GNU Free Documentation License.-->
  <title href="http://en.wikipedia.org/wiki/Again_(Janet_Jackson_song)" xmlns:ts="http://marklogic.com/MLU/top-songs">Again</title>
  <artist href="http://en.wikipedia.org/wiki/Janet_Jackson" xmlns:ts="http://marklogic.com/MLU/top-songs">Janet Jackson</artist>
  <weeks last="1993-12-18">
    <week>1993-12-11</week>
    <week>1993-12-18</week>
  </weeks>
  <album url="http://upload.wikimedia.org/wikipedia/en/thumb/2/21/Janet-Jackson-Again.jpg/200px-Janet-Jackson-Again.jpg" uri="/images/Janet-Jackson+Again.jpg">janet.</album>
  <released>October 12, 1993</released>
  <formats>
    <format>CD single</format>
    <format>CD maxi single</format>
    <format>cassette single</format>
    <format>cassette maxi single</format>
    <format>7" single</format>
    <format>12" maxi single</format>
  </formats>
  <recorded>Fall 1992; Flyte Tyme Studios , ( Edina , Minnesota
  )</recorded>
  <genres>
    <genre>Pop</genre>
    <genre>R&amp;B</genre>
  </genres>
  <lengths>
    <length>3:47</length>
  </lengths>
  <label>Virgin</label>
  <writers>
    <writer>Janet Jackson</writer>
    <writer>James Harris III</writer>
    <writer>Terry Lewis</writer>
  </writers>
  <producers>
    <producer>Janet Jackson</producer>
    <producer>Jimmy Jam and Terry Lewis</producer>
  </producers>
  <descr>
    <p>"Again" is a song by American singer Janet Jackson from her
    fifth studio album, 
    <i>janet.</i>(1993). Written and produced by Jackson, James
    Harris III, and Terry Lewis, the ballad was released as the
    album's third single in October 1993. "Again" topped the U.S.
    Hot 100 in late 1993 and received a nomination for the Academy
    Award for Best Original Song.</p>
    <p>Based on a lost love, "Again" was included as the closing
    song to her 1993 box-office film debut in 
    <i>Poetic Justice</i>. While not included on its soundtrack
    album, the song was nominated for Best Original Song at the
    66th Academy Awards, where Jackson performed the song live. The
    
    <i>janet.</i>jazz-funky track "Funky Big Band" appears on the
    single as a B-side. A French version of the song was also
    recorded by Jackson and appears on the CD single as well as the
    limited edition of the 
    <i>janet.</i>album. The track became her seventh number one on
    the Hot 100 chart, staying atop for two weeks.</p>
    <p>Jackson has performed the song on all of her tours,
    including the janet. Tour, The Velvet Rope Tour, All for You
    Tour, and Rock Witchu Tour.</p>
    <p>"Again" is set in common time with a key of C major.
    Jackson's vocal chords ranges between the tonal nodes of
    high-tone G
    <sub>3</sub>to low-tone D
    <sub>5</sub>. The song is in a moderate tempo of 64 beats per
    minute with the chord progression being set like C–Am–C–G/F–G
    in the first verse and C–Em–Am–G/F in the chorus.</p>
    <p>The music video for the song was directed by Jackson's
    then-husband René Elizondo, Jr. It features actor Gary Dourdan
    as Jackson's lost love, with Jackson writing in her diary as
    she reminisces about her love through flashbacks. The alternate
    version of the video contains scenes from 
    <i>Poetic Justice</i>playing on a television. The original
    video appears on the 1994 compilation 
    <i>janet.</i>and the 2004 DVD 
    <i>From janet. to Damita Jo: The Videos</i>, while the 
    <i>Poetic Justice</i>version is included on the 2001 DVD
    edition of 
    <i>All for You</i>.</p>
    <p>The song was sampled by Iyaz on his 2010 single, "Solo."</p>
  </descr>
</top-song>
