<top-song xmlns="http://marklogic.com/MLU/top-songs">
  <!--Copyright (c) 2010 Mark Logic Corporation. Permission is
granted to copy, distribute and/or modify this document under the terms of the
GNU Free Documentation License, Version 1.2 or any later version published by
the Free Software Foundation; with no Invariant Sections, no Front-Cover Texts,
and no Back-Cover Texts. A copy of the license is included in the section 
entitled "GNU Free Documentation License." Content derived from 
http://en.wikipedia.org/wiki/Whatcha_Say 

Modified in February 2010 by Mark Logic Corporation under the terms of the 
GNU Free Documentation License.-->
  <title href="http://en.wikipedia.org/wiki/Whatcha_Say" xmlns:ts="http://marklogic.com/MLU/top-songs">Whatcha Say</title>
  <artist href="http://en.wikipedia.org/wiki/Jason_DeRulo" xmlns:ts="http://marklogic.com/MLU/top-songs">Jason DeRulo</artist>
  <weeks last="2009-11-14">
    <week>2009-11-14</week>
  </weeks>
  <album url="http://upload.wikimedia.org/wikipedia/en/thumb/9/9f/WhatchaSay.jpg/200px-WhatchaSay.jpg" uri="/images/Jason-DeRulo+Whatcha-Say.jpg">Jason Derülo</album>
  <released>May 5, 2009 (U.S. digital) , August 3, 2009 (U.S.
  radio) , November 16, 2009 (UK)</released>
  <formats>
    <format>Digital download</format>
  </formats>
  <recorded>2009</recorded>
  <genres>
    <genre>R&amp;B</genre>
  </genres>
  <lengths>
    <length>3:42</length>
  </lengths>
  <label>Beluga Heights , Warner Bros.</label>
  <writers>
    <writer>Jason Derülo</writer>
    <writer>Kisean Anderson</writer>
    <writer>J-Lex</writer>
    <writer>Jonathan Rotem</writer>
    <writer>Imogen Heap</writer>
  </writers>
  <producers>
    <producer>J. R. Rotem</producer>
    <producer>Addtl. production Fuego</producer>
  </producers>
  <descr>
    <p>"Whatcha Say" is the debut single by American recording
    artist Jason Derülo. It was produced by J. R. Rotem with
    additional production by German producer Fuego and heavily
    samples the song "Hide and Seek" by Imogen Heap. "Whatcha Say"
    topped the U.S. Hot 100 in the United States.</p>
    <p>Jason Derülo recorded a new French-English version with
    Fanny J, a singer from French Guiana. A new music video has
    also been released.</p>
    <p>"Whatcha Say" received mixed reviews. Glenn Gamboa of 
    <i>Newsday</i>wrote: "For fans of Imogen Heap's "Hide and
    Seek," the new Jason DeRulo single "Whatcha Say"—which
    liberally samples from the song and even uses Heap's chorus as
    his own chorus—may be hard to swallow. But DeRulo weaves easily
    in and out of Heap's parts and matches his AutoTuned vocals to
    hers pretty well to craft a catchy, if derivative, little
    number." Upon its November 2009 UK release, noted R&amp;B
    writer Pete Lewis of 'Blues &amp; Soul' described the single as
    "Blending pounding beats and Derulo's rich, soulful vocals with
    an instantly-infectious pop hook sampled from alternative/indie
    songstress Imogen Heap".</p>
    <p>The song was performed live by Derulo on Thanksgiving Day in
    Philadelphia for the 90th anniversary of the 6abc IKEA
    Thanksgiving Day Parade. The song was also featured on the
    popular teen show, 
    <i>Gossip Girl</i>, in the episode "Treasure of Serena Madre",
    which premiered on November 30, 2009.</p>
    <p>The music video was released as the free video of the week
    on iTunes on October 27, 2009. In the music video, Derülo is
    seen cuddling on the couch inside a home penetrated by sunny
    lights with his love interest, and later on during the video,
    he is outside her door, waiting impatiently for her to forgive
    him, and begging her to let him in. Which follows the lyrics in
    his song, "So let me in, give me another chance..." The music
    video premiered on Monday, November 16 on MTV's AMTV. A music
    video was also released for the acoustic version, with J.R.
    Rotem playing the piano.</p>
    <p>The "Whatcha Say EP" was released on October 23, 2009. It
    features various remixes of the song along with the original
    and acoustic version of the song.</p>
    <p>"Whatcha Say" debuted on the Hot 100 at fifty four in the
    issue dated August 29, 2009. It reached number one in the issue
    dated November 14, 2009. The song also reached the number-one
    spot on the Canadian Nielsen SoundScan Digital Songs chart.
    "Whatcha Say" entered and peaked on the UK Singles Chart on
    November 22, 2009 at #3.</p>
    <p>Radio hosts, JJ &amp; Ean from Malaysia English radio
    station, Hitz.fm, created a parody entitled "How To Pay"</p>
  </descr>
</top-song>
