<top-song xmlns="http://marklogic.com/MLU/top-songs">
  <!--Copyright (c) 2010 Mark Logic Corporation. Permission is
granted to copy, distribute and/or modify this document under the terms of the
GNU Free Documentation License, Version 1.2 or any later version published by
the Free Software Foundation; with no Invariant Sections, no Front-Cover Texts,
and no Back-Cover Texts. A copy of the license is included in the section 
entitled "GNU Free Documentation License." Content derived from 
http://en.wikipedia.org/wiki/Green_Eyes_(Aquellos_Ojos_Verdes) 

Modified in February 2010 by Mark Logic Corporation under the terms of the 
GNU Free Documentation License.-->
  <title href="http://en.wikipedia.org/wiki/Green_Eyes_(Aquellos_Ojos_Verdes)" xmlns:ts="http://marklogic.com/MLU/top-songs">Green Eyes (Aquellos Ojos Verdes)</title>
  <artist href="http://en.wikipedia.org/wiki/Jimmy_Dorsey" xmlns:ts="http://marklogic.com/MLU/top-songs">Jimmy Dorsey</artist>
  <weeks last="1941-09-20">
    <week>1941-08-30</week>
    <week>1941-09-06</week>
    <week>1941-09-13</week>
    <week>1941-09-20</week>
  </weeks>
  <descr>
    <p>"Green Eyes" is a popular song, originally written in
    Spanish under the title "Aquellos Ojos Verdes" ("Those Green
    Eyes") by Adolfo Utrera and Nilo Menéndez. The English
    translation was made by Eddie Rivera and Eddie Woods in
    1929.</p>
    <p>The English version of the song was a hit for the Jimmy
    Dorsey orchestra. The recording was made on March 19, 1941 with
    vocals by Helen O'Connell and Bob Eberly and released by Decca
    Records as catalog number 3698. The flip side was "Maria
    Elena." The record first reached the 
    <i>Billboard</i>charts on May 9, 1941 and lasted 21 weeks on
    the chart, peaking at #1. Since "Maria Elena" was also a #1
    hit, this was a major double-sided hit recording.</p>
    <p>Gloria Jean sang the Spanish lyrics to "Aquellos Ojos
    Verdes" in the 1943 film, 
    <i>When Johnny Comes Marching Home</i>.</p>
    <p>Ben Affleck also sang the Spanish version, in the 2006 film,
    
    <i>Hollywoodland</i>, in pivotal scenes just prior to the fatal
    shooting of his character, George Reeves.</p>
    <p>R&amp;B group, the Ravens, had regional success with a 1955
    revival.</p>
    <p>Allan Sherman recorded a version titled "Green Stamps", a
    parody of S&amp;H Green Stamps. During the recording session
    (according to the liner notes on the album), Sherman had a talk
    with the college types who hadn't heard of "Green Eyes." He
    said it was, like the Bossa Nova, once a red-hot tune by Helen
    O'Connell. He asked, "Any of you remember red-hot Helen
    O'Connell?" (About half did.)</p>
    <p>The version written for English audiences varies from the
    Spanish. The Big Band version typically had a male voice
    singing these words, followed by a female voice singing the
    same words, with the exception of the last line. This is one
    version:</p>
    <p>(Male voice)</p>
    <p>(Female voice)</p>
    
    
  </descr>
</top-song>
