<top-song xmlns="http://marklogic.com/MLU/top-songs">
  <!--Copyright (c) 2010 Mark Logic Corporation. Permission is
granted to copy, distribute and/or modify this document under the terms of the
GNU Free Documentation License, Version 1.2 or any later version published by
the Free Software Foundation; with no Invariant Sections, no Front-Cover Texts,
and no Back-Cover Texts. A copy of the license is included in the section 
entitled "GNU Free Documentation License." Content derived from 
http://en.wikipedia.org/wiki/I_Saw_Mommy_Kissing_Santa_Claus 

Modified in February 2010 by Mark Logic Corporation under the terms of the 
GNU Free Documentation License.-->
  <title href="http://en.wikipedia.org/wiki/I_Saw_Mommy_Kissing_Santa_Claus" xmlns:ts="http://marklogic.com/MLU/top-songs">I Saw Mommy Kissing Santa Claus</title>
  <artist href="http://en.wikipedia.org/wiki/Jimmy_Boyd" xmlns:ts="http://marklogic.com/MLU/top-songs">Jimmy Boyd</artist>
  <weeks last="1952-12-27">
    <week>1952-12-27</week>
  </weeks>
  <descr>
    <p>"I Saw Mommy Kissing Santa Claus" is a Christmas song with
    music and lyrics by Tommie Connor.</p>
    <p>The original recording by Jimmy Boyd reached number one on
    the 
    <i>Billboard</i>charts in 1952, and on the 
    <i>Cash Box</i>chart at the beginning of the following year.
    The song was commissioned by Neiman Marcus to promote the
    store's Christmas card for the year, which featured an original
    sketch by artist Perry Barlow, who drew for 
    <i>The New Yorker</i>for many decades.</p>
    <p>Jimmy Boyd's record was condemned by the Roman Catholic
    Church in Boston when it was released on the grounds it mixed
    kissing with Christmas, ignoring the fact that mistletoe, under
    which many couples kiss, is traditionally hung on many ceilings
    at Christmas. Boyd, age thirteen, was photographed meeting with
    the Archdiocese to explain the song. After the meeting, the ban
    was lifted.</p>
    <p>The song describes a scene where a child creeps down from
    his bedroom to see his mother kissing "Santa Claus" (presumably
    his father dressed in a Santa Claus costume) underneath the
    mistletoe.</p>
    <p>Popular versions of the song were done by the Ronettes and
    the Jackson 5. John Mellencamp and the Secret Chiefs 3 have
    also covered it.</p>
  </descr>
</top-song>
