<top-song xmlns="http://marklogic.com/MLU/top-songs">
  <!--Copyright (c) 2010 Mark Logic Corporation. Permission is
granted to copy, distribute and/or modify this document under the terms of the
GNU Free Documentation License, Version 1.2 or any later version published by
the Free Software Foundation; with no Invariant Sections, no Front-Cover Texts,
and no Back-Cover Texts. A copy of the license is included in the section 
entitled "GNU Free Documentation License." Content derived from 
http://en.wikipedia.org/wiki/Amapola_(song) 

Modified in February 2010 by Mark Logic Corporation under the terms of the 
GNU Free Documentation License.-->
  <title href="http://en.wikipedia.org/wiki/Amapola_(song)" xmlns:ts="http://marklogic.com/MLU/top-songs">Amapola (Pretty Little Poppy)</title>
  <artist href="http://en.wikipedia.org/wiki/Jimmy_Dorsey" xmlns:ts="http://marklogic.com/MLU/top-songs">Jimmy Dorsey</artist>
  <weeks last="1941-05-31">
    <week>1941-03-29</week>
    <week>1941-04-05</week>
    <week>1941-04-12</week>
    <week>1941-04-19</week>
    <week>1941-04-26</week>
    <week>1941-05-03</week>
    <week>1941-05-10</week>
    <week>1941-05-17</week>
    <week>1941-05-24</week>
    <week>1941-05-31</week>
  </weeks>
  <recorded>1941</recorded>
  <genres>
    <genre>Popular</genre>
    <genre>Classical</genre>
    
  </genres>
  <lengths>
    <length>4.49</length>
  </lengths>
  <label>???</label>
  <writers>
    <writer>Music: Joseph LaCalle</writer>
    <writer/>
    <writer>English lyrics: Albert Gamse</writer>
  </writers>
  <descr>
    <p>"Amapola" is a popular song, written by Spanish composer
    Joseph LaCalle with Spanish lyrics although the English
    language lyrics were written by Albert Gamse.</p>
    <p>Though the song was published in 1924, the most popular
    recorded version was made nearly two decades later by the Jimmy
    Dorsey Orchestra with vocalists Helen O'Connell and Bob Eberly.
    The recording was released by Decca Records as catalog number
    3629. The record first reached the 
    <i>Billboard</i>charts on March 14, 1941 and lasted 14 weeks on
    the chart, peaking at #1.</p>
    <p>Another version, with vocals in English, was recorded by
    Spike Jonesand his City Slickers in the unforgettable comic
    style of his band. The flip-side was Jones Polka, a
    drinking-song, sung in a strong European accent.</p>
    <p>Japanese singer Noriko Awaya also released her version of
    the song in 1937. Amapola was also played during the Three
    Tenors concert in Rome in 1990.</p>
    <p>The song is also sung by Andrea Bocelli in his 2006 album
    Amore and by Paul Potts in his 2007 debut album One Chance.</p>
    <p>An instrumental version of the piece formed an important
    leitmotif in the gangster film 
    <i>Once Upon a Time in America</i>(1984).</p>
    <p>AMAPOLA 
    <i>Spanish version (original)</i></p>
    <p>Amapola (English lyrics by Albert Gamse)</p>
    
  </descr>
</top-song>
