<top-song xmlns="http://marklogic.com/MLU/top-songs">
  <!--Copyright (c) 2010 Mark Logic Corporation. Permission is
granted to copy, distribute and/or modify this document under the terms of the
GNU Free Documentation License, Version 1.2 or any later version published by
the Free Software Foundation; with no Invariant Sections, no Front-Cover Texts,
and no Back-Cover Texts. A copy of the license is included in the section 
entitled "GNU Free Documentation License." Content derived from 
http://en.wikipedia.org/wiki/Sugar_Shack 

Modified in February 2010 by Mark Logic Corporation under the terms of the 
GNU Free Documentation License.-->
  <title href="http://en.wikipedia.org/wiki/Sugar_Shack" xmlns:ts="http://marklogic.com/MLU/top-songs">Sugar Shack</title>
  <artist href="http://en.wikipedia.org/wiki/The_Fireballs" xmlns:ts="http://marklogic.com/MLU/top-songs">Jimmy Gilmer and the Fireballs</artist>
  <weeks last="1963-11-09">
    <week>1963-10-12</week>
    <week>1963-10-19</week>
    <week>1963-10-26</week>
    <week>1963-11-02</week>
    <week>1963-11-09</week>
  </weeks>
  <descr>
    <p>"Sugar Shack" is a song written in 1962 by Keith McCormack
    and his aunt, Fay Voss. The song was recorded in 1963 by Jimmy
    Gilmer &amp; the Fireballs at Norman Petty Studios in Clovis,
    New Mexico. "Sugar Shack" hit #1 on both the Billboard Hot 100
    (where it spent five weeks from October 12 to November 9, 1963)
    and on the Cashbox charts (where it spent three weeks from
    October 19 to November 2, 1963). "Sugar Shack", also has the
    distinction of being the last single to make it to number one
    on the Billboard R&amp;B chart, because Billboard magazine
    published no R&amp;B chart for fourteen months between the
    period of late November, 1963 to late January, 1965. . On
    November 29, 1963 the song received RIAA certification for
    selling over a million copies, earning gold record status, and
    was the number one single of the year according to 
    <i>Billboard</i>. "Sugar Shack" also hit the UK at #45 on the 
    <i>Record Retailer</i>chart.</p>
    <p>In addition, "Sugar Shack" is the name of a new song written
    by Mike Gordon and appearing on the 2009 album Joy by
    Phish.</p>
  </descr>
</top-song>
