<top-song xmlns="http://marklogic.com/MLU/top-songs">
  <!--Copyright (c) 2010 Mark Logic Corporation. Permission is
granted to copy, distribute and/or modify this document under the terms of the
GNU Free Documentation License, Version 1.2 or any later version published by
the Free Software Foundation; with no Invariant Sections, no Front-Cover Texts,
and no Back-Cover Texts. A copy of the license is included in the section 
entitled "GNU Free Documentation License." Content derived from 
http://en.wikipedia.org/wiki/Stutter_(Joe_song) 

Modified in February 2010 by Mark Logic Corporation under the terms of the 
GNU Free Documentation License.-->
  <title href="http://en.wikipedia.org/wiki/Stutter_(Joe_song)" xmlns:ts="http://marklogic.com/MLU/top-songs">Stutter</title>
  <artist href="http://en.wikipedia.org/wiki/Joe_(singer)" xmlns:ts="http://marklogic.com/MLU/top-songs">Joe featuring Mystikal</artist>
  <weeks last="2001-03-17">
    <week>2001-02-24</week>
    <week>2001-03-03</week>
    <week>2001-03-10</week>
    <week>2001-03-17</week>
  </weeks>
  <album url="http://upload.wikimedia.org/wikipedia/en/thumb/5/55/Joe-mystikal-stutter.jpg/200px-Joe-mystikal-stutter.jpg" uri="/images/Joe-featuring-Mystikal+Stutter.jpg">My Name Is
  Joe</album>
  <released>January 9, 2001  (2001-01-09)</released>
  <recorded>2000  (2000)</recorded>
  <genres>
    <genre>R&amp;B</genre>
    <genre>Hip-hop</genre>
  </genres>
  <writers>
    <writer>Ernest E. Dixon</writer>
    <writer>Roy "Royalty" Hamilton</writer>
  </writers>
  <producers>
    <producer>Roy "Royalty" Hamilton</producer>
    <producer>Teddy Riley</producer>
  </producers>
  <descr>
    <p>"Stutter" is a 2000 song by American R&amp;B singer Joe. The
    original version of the song was produced by Roy "Royalty"
    Hamilton and Teddy Riley. Written by Roy "Royalty" Hamilton and
    Ernest E. Dixon. A remix by Soulstar features rapper Mystikal,
    and was a number-one hit on the Billboard Hot 100 in the United
    States for four weeks in 2001. The song refers to Joe's
    girlfriend "stuttering" because she is lying to him about
    having an affair. The song samples "Passin' Me By" by The
    Pharcyde.The song was featured in the 2001 film, 
    <i>Double Take</i>.</p>
  </descr>
</top-song>
