<top-song xmlns="http://marklogic.com/MLU/top-songs">
  <!--Copyright (c) 2010 Mark Logic Corporation. Permission is
granted to copy, distribute and/or modify this document under the terms of the
GNU Free Documentation License, Version 1.2 or any later version published by
the Free Software Foundation; with no Invariant Sections, no Front-Cover Texts,
and no Back-Cover Texts. A copy of the license is included in the section 
entitled "GNU Free Documentation License." Content derived from 
http://en.wikipedia.org/wiki/You%27re_the_One_That_I_Want 

Modified in February 2010 by Mark Logic Corporation under the terms of the 
GNU Free Documentation License.-->
  <title href="http://en.wikipedia.org/wiki/You%27re_the_One_That_I_Want" xmlns:ts="http://marklogic.com/MLU/top-songs">You're the One That I Want</title>
  <artist href="http://en.wikipedia.org/wiki/John_Travolta" xmlns:ts="http://marklogic.com/MLU/top-songs">John Travolta and Olivia Newton-John</artist>
  <weeks last="1978-06-10">
    <week>1978-06-10</week>
  </weeks>
  <album url="http://upload.wikimedia.org/wikipedia/en/a/ac/GreaseYoureTheOneThatIWant7InchSingleCover.jpg" uri="/images/John-Travolta-and-Olivia-Newton-John+You-re-the-One-That-I-Want.jpg">
  Grease OST</album>
  <released>1978</released>
  <genres>
    <genre>Pop rock</genre>
  </genres>
  <lengths>
    <length>2:49</length>
  </lengths>
  <label>RSO Records</label>
  <writers>
    <writer>John Farrar</writer>
  </writers>
  <producers>
    <producer>John Farrar</producer>
  </producers>
  <descr>
    <p>"You're the One That I Want" is a song written by John
    Farrar for the 1978 film version of the musical 
    <i>Grease</i>. It was performed by John Travolta and Olivia
    Newton-John.</p>
    <p>The single was a huge international hit, reaching no.1 in
    several countries. It was the first of two songs from the 
    <i>Grease</i>soundtrack to top the U.S. and UK pop charts. It
    reached #1 on the U.S. Hot 100 for one week in June 1978, where
    it sold over 2 million copies. It also topped the UK Singles
    Chart for nine weeks in the summer of 1978 and, as of 2008, is
    still the sixth best-selling single ever in the UK where it has
    sold over 1,975,000 copies. A re-released version of the single
    reached #4 in the UK in 1998, the twentieth anniversary of the
    film's debut.</p>
    
    <p>In 1993, Epic Records released a soundtrack album in the UK,
    
    <i>Grease - Original London Cast Recording</i>, and "You're the
    One That I Want" was recorded as a duet by Craig McLachlan and
    Deborah Gibson (Epic UK 659 522, released July 1993). In part
    due to a routine promotional push, this cover version scored
    big on the UK singles charts, peaking at number thirteen.</p>
    <p>Other cover versions and appearances in other media
    include:</p>
  </descr>
</top-song>
