<top-song xmlns="http://marklogic.com/MLU/top-songs">
  <!--Copyright (c) 2010 Mark Logic Corporation. Permission is
granted to copy, distribute and/or modify this document under the terms of the
GNU Free Documentation License, Version 1.2 or any later version published by
the Free Software Foundation; with no Invariant Sections, no Front-Cover Texts,
and no Back-Cover Texts. A copy of the license is included in the section 
entitled "GNU Free Documentation License." Content derived from 
http://en.wikipedia.org/wiki/Cry_(Churchill_Kohlman_song) 

Modified in February 2010 by Mark Logic Corporation under the terms of the 
GNU Free Documentation License.-->
  <title href="http://en.wikipedia.org/wiki/Cry_(Churchill_Kohlman_song)" xmlns:ts="http://marklogic.com/MLU/top-songs">Cry</title>
  <artist href="http://en.wikipedia.org/wiki/Johnnie_Ray" xmlns:ts="http://marklogic.com/MLU/top-songs">Johnnie Ray and The Four Lads</artist>
  <weeks last="1952-01-05">
    <week>1952-01-05</week>
  </weeks>
  <album>Cry</album>
  <released>1951</released>
  <formats>
    <format>7" 45</format>
    <format>10" 78</format>
  </formats>
  <genres>
    <genre>Pop</genre>
  </genres>
  <label>Okeh</label>
  <writers>
    <writer>Churchill Kohlman</writer>
  </writers>
  <descr>
    <p>"Cry" is the title of a 1951 popular song written by
    Churchill Kohlman. The song was first recorded by Ruth Casey on
    the Cadillac label. The biggest hit version was recorded in New
    York City by Johnnie Ray and The Four Lads on October 16,
    1951.</p>
    <p>The recording was released by Okeh Records as catalog number
    6840. It was a No.1 hit on the Billboard magazine chart that
    year, and one side of one of the biggest two-sided hits, as the
    flip side, "The Little White Cloud that Cried," reached No.2 on
    the Billboard chart. The Johnnie Ray recording also hit number
    one on the R&amp;B Best Sellers lists and the flip side, "The
    Little White Cloud that Cried," peaked at number six.</p>
    <p>Lynn Anderson had major success in the country music market
    with her 1972 version, released on Columbia Records, which hit
    No.1 on the Cashbox country charts, and No. 3 on the 
    <i>Billboard magazine</i>Hot Country Singles chart. It also
    charted in the Top 20 on the U.S. Adult Contemporary
    Charts.</p>
    <p>Crystal Gayle had her own hit version of the song in 1986,
    taking it to No. 1 on the 
    <i>Billboard magazine</i>Hot Country Singles chart.</p>
    <p>Dutch singer/comedian André van Duin had a Dutch Top 40
    number one hit in 1982 with a Dutch version of the song titled
    "Als je huilt". When he performed this song on TV he used a
    special pair of glasses which sprayed water (tears) into the
    audience .</p>
  </descr>
</top-song>
