<top-song xmlns="http://marklogic.com/MLU/top-songs">
  <!--Copyright (c) 2010 Mark Logic Corporation. Permission is
granted to copy, distribute and/or modify this document under the terms of the
GNU Free Documentation License, Version 1.2 or any later version published by
the Free Software Foundation; with no Invariant Sections, no Front-Cover Texts,
and no Back-Cover Texts. A copy of the license is included in the section 
entitled "GNU Free Documentation License." Content derived from 
http://en.wikipedia.org/wiki/Whatever_Gets_You_thru_the_Night 

Modified in February 2010 by Mark Logic Corporation under the terms of the 
GNU Free Documentation License.-->
  <title href="http://en.wikipedia.org/wiki/Whatever_Gets_You_thru_the_Night" xmlns:ts="http://marklogic.com/MLU/top-songs">Whatever Gets You thru the Night</title>
  <artist href="http://en.wikipedia.org/wiki/John_Lennon" xmlns:ts="http://marklogic.com/MLU/top-songs">John Lennon</artist>
  <weeks last="1974-11-16">
    <week>1974-11-16</week>
  </weeks>
  <album url="http://upload.wikimedia.org/wikipedia/en/thumb/5/58/62278.jpg/200px-62278.jpg" uri="/images/John-Lennon+Whatever-Gets-You-thru-the-Night.jpg">
  Walls and Bridges</album>
  <released>October 4, 1974  (1974-10-04) ( UK )</released>
  <formats>
    <format>7"</format>
  </formats>
  <genres>
    <genre>Rock</genre>
  </genres>
  <lengths>
    <length>3:27</length>
  </lengths>
  <label>Apple Records</label>
  <writers>
    <writer>John Lennon</writer>
  </writers>
  <producers>
    <producer>John Lennon</producer>
  </producers>
  <descr>
    <p>"Whatever Gets You Thru the Night" is a song on John
    Lennon's 1974 album 
    <i>Walls and Bridges</i>. It was Lennon's only American solo
    number one song during his lifetime. The recording featured
    Elton John on harmony vocals and piano. While in the studio,
    Elton bet Lennon that the song would top the charts, and such
    was Lennon's skepticism that Elton secured from him a promise
    to appear on stage at one of his performances should the record
    indeed hit number one. When the record did achieve that feat,
    Lennon appeared at Elton John's Thanksgiving performance at
    Madison Square Garden on November 28, 1974
    <span style="display:none"> (
    <span class="bday dtstart updated">
1974-11-28
</span>)</span>. It would be his last major concert appearance.
Lennon was the last member of The Beatles to achieve his first
number one solo hit.</p>
    <p>The inspiration for the song came from late-night
    television. In December, 2005, May Pang told Radio Times: "At
    night he (John Lennon) loved to channel-surf, and he would pick
    up phrases from all the shows. One time, he was watching
    Reverend Ike, a famous black evangelist, who was saying, "Let
    me tell you guys, it doesn't matter, it's whatever gets you
    through the night." John loved it and said, "I've got to write
    it down or I'll forget it." He always kept a pad and pen by the
    bed. That was the beginning of 'Whatever Gets You thru the
    Night'."</p>
    <p>This wasn't Lennon's first choice for a single. It was
    actually chosen by Capitol Records vice president Al Coury, who
    had recently worked his singles 'magic' with Paul McCartney's 
    <i>Band On the Run</i>album.</p>
    <p>In 2007, Yoko Ono granted Amnesty International the
    opportunity to have a number of bands cover John Lennon's solo
    songbook, which includes this song. Los Lonely Boys and Les
    Trois Accords performed it as the second single from the 
    <i>Instant Karma: The Amnesty International Campaign to Save
    Darfur</i>album.</p>
    <p>The musicians who performed on the original recording were
    as follows:</p>
    <p>
      <span style="white-space:nowrap">1969: "Give Peace a
      Chance" ·</span>
      <span style="white-space:nowrap">"Cold Turkey" ·</span>
      <span style="white-space:nowrap">1970: "Instant
      Karma!" ·</span>
      <span style="white-space:nowrap">"Mother" ·</span>
      <span style="white-space:nowrap">1971: "Power to the
      People" ·</span>
      <span style="white-space:nowrap">"Imagine" ·</span>
      <span style="white-space:nowrap">"Happy Xmas (War Is
      Over)" ·</span>
      <span style="white-space:nowrap">1972 "Happy Xmas (War Is
      Over)" ·</span>
      <span style="white-space:nowrap">"Woman Is the Nigger of the
      World" ·</span>
      <span style="white-space:nowrap">1973: "Mind Games
      " ·</span>
      <span style="white-space:nowrap">1974: "
      <strong class="selflink">
Whatever Gets You thru the Night
</strong>" ·</span>
      <span style="white-space:nowrap">1975: "#9
      Dream" ·</span>
      <span style="white-space:nowrap">"Stand by Me" ·</span>
      <span style="white-space:nowrap">"Imagine" ·</span>
    </p>
    <p>
      <span style="white-space:nowrap">1980: "(Just Like) Starting
      Over" ·</span>
      <span style="white-space:nowrap">"Happy Xmas (War Is
      Over)" ·</span>
      <span style="white-space:nowrap">"Give Peace a
      Chance" ·</span>
      <span style="white-space:nowrap">"Imagine" ·</span>
      <span style="white-space:nowrap">1981: "Woman" ·</span>
      <span style="white-space:nowrap">"Watching the
      Wheels" ·</span>
      <span style="white-space:nowrap">"Happy Christmas (War Is
      Over)" ·</span>
      <span style="white-space:nowrap">1982: "Love" ·</span>
      <span style="white-space:nowrap">1984: "Nobody Told
      Me" ·</span>
      <span style="white-space:nowrap">"Borrowed
      Time" ·</span>
      <span style="white-space:nowrap">"I'm Stepping
      Out" ·</span>
      <span style="white-space:nowrap">"Every Man Has a Woman Who
      Loves Him" ·</span>
      <span style="white-space:nowrap">1985: "Jealous
      Guy" ·</span>
      <span style="white-space:nowrap">1988 "Imagine" ·</span>
      <span style="white-space:nowrap">"Jealous Guy" ·</span>
      <span style="white-space:nowrap">1999 "Imagine" ·</span>
      <span style="white-space:nowrap">"Happy Xmas (War Is
      Over)"</span>
    </p>
  </descr>
</top-song>
