<top-song xmlns="http://marklogic.com/MLU/top-songs">
  <!--Copyright (c) 2010 Mark Logic Corporation. Permission is
granted to copy, distribute and/or modify this document under the terms of the
GNU Free Documentation License, Version 1.2 or any later version published by
the Free Software Foundation; with no Invariant Sections, no Front-Cover Texts,
and no Back-Cover Texts. A copy of the license is included in the section 
entitled "GNU Free Documentation License." Content derived from 
http://en.wikipedia.org/wiki/It%27s_in_the_Book 

Modified in February 2010 by Mark Logic Corporation under the terms of the 
GNU Free Documentation License.-->
  <title href="http://en.wikipedia.org/wiki/It%27s_in_the_Book" xmlns:ts="http://marklogic.com/MLU/top-songs">It's in the Book (Parts 1 &amp; 2)</title>
  <artist href="http://en.wikipedia.org/w/index.php?title=Johnny_Standley&amp;action=edit&amp;redlink=1" xmlns:ts="http://marklogic.com/MLU/top-songs">Johnny Standley</artist>
  <weeks last="1952-11-22">
    <week>1952-11-22</week>
  </weeks>
  <descr>
    <p>"It's in the Book" is a recorded comic monologue, partly
    sung, partly an exhortation in the manner of a revivalist
    preacher on the subject of Little Bo-Peep. It was marketed as a
    pop song, and made the 
    <i>Billboard</i>chart in 1952, reaching number one. It sold
    over one million copies, and was awarded a gold disc.</p>
    <p>It was written by Johnny Standley and Art Thorsen (BMI Work
    #744156) and released by Standley on the Capitol label.</p>
    <p>The recording can be heard in the background in the final
    scene of the 1971 film, 
    <i>The Last Picture Show</i>.</p>
    
  </descr>
</top-song>
