<top-song xmlns="http://marklogic.com/MLU/top-songs">
  <!--Copyright (c) 2010 Mark Logic Corporation. Permission is
granted to copy, distribute and/or modify this document under the terms of the
GNU Free Documentation License, Version 1.2 or any later version published by
the Free Software Foundation; with no Invariant Sections, no Front-Cover Texts,
and no Back-Cover Texts. A copy of the license is included in the section 
entitled "GNU Free Documentation License." Content derived from 
http://en.wikipedia.org/wiki/Judy_in_Disguise 

Modified in February 2010 by Mark Logic Corporation under the terms of the 
GNU Free Documentation License.-->
  <title href="http://en.wikipedia.org/wiki/Judy_in_Disguise" xmlns:ts="http://marklogic.com/MLU/top-songs">Judy in Disguise (With Glasses)</title>
  <artist href="http://en.wikipedia.org/wiki/John_Fred" xmlns:ts="http://marklogic.com/MLU/top-songs">John Fred and His Playboy Band</artist>
  <weeks last="1968-01-27">
    <week>1968-01-20</week>
    <week>1968-01-27</week>
  </weeks>
  <descr>
    <p>"Judy in Disguise (With Glasses)" was a hit for the
    Louisiana-based John Fred and His Playboy Band in early 1968.
    The song, co-written with bandmate Andrew Bernard, was a parody
    of The Beatles' hit, "Lucy in the Sky with Diamonds." According
    to 
    <i>The Billboard Book of Number One Hits</i>by Fred Bronson,
    the song was inspired by Fred's listening to "Lucy in the Sky
    with Diamonds" and mistakenly believing that the lyrics to the
    song were "Lucy in disguise with diamonds." Coincidentally, it
    went on to knock "Hello, Goodbye," another Beatles tune, off
    the #1 spot on the Billboard Hot 100 for two weeks in January
    1968. However, it also stuck Fred with a novelty act image he
    was never able to shake. Nevertheless, the song remains a
    favorite on oldies-oriented radio stations.</p>
    
  </descr>
</top-song>
