<top-song xmlns="http://marklogic.com/MLU/top-songs">
  <!--Copyright (c) 2010 Mark Logic Corporation. Permission is
granted to copy, distribute and/or modify this document under the terms of the
GNU Free Documentation License, Version 1.2 or any later version published by
the Free Software Foundation; with no Invariant Sections, no Front-Cover Texts,
and no Back-Cover Texts. A copy of the license is included in the section 
entitled "GNU Free Documentation License." Content derived from 
http://en.wikipedia.org/wiki/St._Elmo%27s_Fire_(Man_in_Motion) 

Modified in February 2010 by Mark Logic Corporation under the terms of the 
GNU Free Documentation License.-->
  <title href="http://en.wikipedia.org/wiki/St._Elmo%27s_Fire_(Man_in_Motion)" xmlns:ts="http://marklogic.com/MLU/top-songs">St. Elmo's Fire (Man in Motion)</title>
  <artist href="http://en.wikipedia.org/wiki/John_Parr" xmlns:ts="http://marklogic.com/MLU/top-songs">John Parr</artist>
  <weeks last="1985-09-14">
    <week>1985-09-07</week>
    <week>1985-09-14</week>
  </weeks>
  <album url="http://upload.wikimedia.org/wikipedia/en/b/bd/StElmosFire.jpg" uri="/images/John-Parr+St-Elmo-s-Fire-Man-in-Motion.jpg">St.
  Elmo's Fire soundtrack</album>
  <released>June 1985  (1985-06)</released>
  <formats>
    <format>7"</format>
  </formats>
  <recorded>1985</recorded>
  <genres>
    <genre>Rock</genre>
    <genre>Ballad</genre>
  </genres>
  <label>Atlantic Records</label>
  <writers>
    <writer>David Foster</writer>
    <writer>John Parr</writer>
  </writers>
  <producers>
    <producer>David Foster</producer>
  </producers>
  <descr>
    <p>"St. Elmo's Fire (Man in Motion)" is a song recorded by John
    Parr. It hit number one on the Billboard Hot 100 on 7 September
    1985 and peaked at number six in the UK, Parr's home
    country.</p>
    <p>The song was originally written by David Foster and John
    Parr for the Canadian athlete Rick Hansen, who at the time was
    going around the world in his wheelchair to raise awareness for
    spinal cord injuries. His journey was called the "Man in Motion
    Tour." The song was used as the theme song for the film 
    <i>St. Elmo's Fire</i>and became a number-one hit for John Parr
    around the world and provided many awards and a Grammy
    nomination. Several members of Toto appear on the record.
    Strangely, this hit song did 
    <i>not</i>also appear on a John Parr album.</p>
    <p>The song is briefly heard in an episode of 
    <i>The Simpsons</i>, "Sideshow Bob Roberts"; it is supposedly a
    favorite song of Lisa Simpson.</p>
    <p>The line "Gonna be your man in motion" is repeated by Jason
    Sklar in an episode of 
    <i>Cheap Seats</i>.</p>
    <p>It was featured heavily in the 2007 movie 
    <i>The Brothers Solomon</i>.</p>
    <p>The song is briefly heard in an episode of The Facts Of
    Life.</p>
    <p>The music video features all seven of the main cast of the
    film 
    <i>St. Elmo's Fire</i>looking sadly through the foggy windows
    of a run-down and fire-damaged version of the St. Elmo's Bar
    set. The Canadian version of the video intersperses images of
    Hansen's trek.</p>
    <p>It was remade by REO Speedwagon in 1989. REO Speedwagon's
    guitarist, Dave Amato, re-created the song on his solo album, 
    <i>Still Got It</i>, which was released in 1995.</p>
    <p>The Ventures performed an instrumental cover version of the
    song on their 2006 album, Major Motion Picture.</p>
    <p>It was remixed by Tommyknockers in May 2006 with the title
    "New Horizon", which hit #43 in Britain, but failed to chart in
    the United States.</p>
    <p>2-4GROOVES worked a version of the song in 2006 that was
    heavily remixed. It was titled "Writing on the Wall".</p>
    
  </descr>
</top-song>
