<top-song xmlns="http://marklogic.com/MLU/top-songs">
  <!--Copyright (c) 2010 Mark Logic Corporation. Permission is
granted to copy, distribute and/or modify this document under the terms of the
GNU Free Documentation License, Version 1.2 or any later version published by
the Free Software Foundation; with no Invariant Sections, no Front-Cover Texts,
and no Back-Cover Texts. A copy of the license is included in the section 
entitled "GNU Free Documentation License." Content derived from 
http://en.wikipedia.org/wiki/Why_Don%27t_You_Believe_Me%3F 

Modified in February 2010 by Mark Logic Corporation under the terms of the 
GNU Free Documentation License.-->
  <title href="http://en.wikipedia.org/wiki/Why_Don%27t_You_Believe_Me%3F" xmlns:ts="http://marklogic.com/MLU/top-songs">Why Don't You Believe Me?</title>
  <artist href="http://en.wikipedia.org/wiki/Joni_James" xmlns:ts="http://marklogic.com/MLU/top-songs">Joni James</artist>
  <weeks last="1952-11-29">
    <week>1952-11-29</week>
  </weeks>
  <descr>
    <p>"Why Don't You Believe Me?" is a popular song written by Lew
    Douglas, King Laney, and Roy Rodde and published in 1952.</p>
    <p>A recording by Joni James (MGM Records catalog number 11333)
    reached #1 on the Billboard charts in 1952. Competing versions
    by Patti Page (Mercury Records catalog number 70025, reaching
    chart position #4) and Margaret Whiting (Capitol Records
    catalog number 2292, reaching chart position #29) also charted
    in 1952. The b-side to Page's version was the well-known song
    Conquest. On the Cash Box Best-Selling Record list, where all
    versions were combined, the song also reached #1 that year.</p>
    <p>A later version by The Duprees reached #37 in 1963. Donna
    Stark (RCI Records catalog number 2341) reached #92 on the
    Billboard country music charts in 1980.</p>
  </descr>
</top-song>
