<top-song xmlns="http://marklogic.com/MLU/top-songs">
  <!--Copyright (c) 2010 Mark Logic Corporation. Permission is
granted to copy, distribute and/or modify this document under the terms of the
GNU Free Documentation License, Version 1.2 or any later version published by
the Free Software Foundation; with no Invariant Sections, no Front-Cover Texts,
and no Back-Cover Texts. A copy of the license is included in the section 
entitled "GNU Free Documentation License." Content derived from 
http://en.wikipedia.org/wiki/Slow_Motion_(song) 

Modified in February 2010 by Mark Logic Corporation under the terms of the 
GNU Free Documentation License.-->
  <title href="http://en.wikipedia.org/wiki/Slow_Motion_(song)" xmlns:ts="http://marklogic.com/MLU/top-songs">Slow Motion</title>
  <artist href="http://en.wikipedia.org/wiki/Juvenile_(rapper)" xmlns:ts="http://marklogic.com/MLU/top-songs">Juvenile featuring Soulja Slim</artist>
  <weeks last="2004-08-14">
    <week>2004-08-07</week>
    <week>2004-08-14</week>
  </weeks>
  <descr>
    <p>Slow Motion may refer to:</p>
  </descr>
</top-song>
