<top-song xmlns="http://marklogic.com/MLU/top-songs">
  <!--Copyright (c) 2010 Mark Logic Corporation. Permission is
granted to copy, distribute and/or modify this document under the terms of the
GNU Free Documentation License, Version 1.2 or any later version published by
the Free Software Foundation; with no Invariant Sections, no Front-Cover Texts,
and no Back-Cover Texts. A copy of the license is included in the section 
entitled "GNU Free Documentation License." Content derived from 
http://en.wikipedia.org/w/index.php?title=Jingle_Jangle_Jingle&action=edit&redlink=1 

Modified in February 2010 by Mark Logic Corporation under the terms of the 
GNU Free Documentation License.-->
  <title href="http://en.wikipedia.org/w/index.php?title=Jingle_Jangle_Jingle&amp;action=edit&amp;redlink=1" xmlns:ts="http://marklogic.com/MLU/top-songs">Jingle Jangle Jingle</title>
  <artist href="http://en.wikipedia.org/wiki/Kay_Kyser" xmlns:ts="http://marklogic.com/MLU/top-songs">Kay Kyser</artist>
  <weeks last="1942-09-05">
    <week>1942-07-18</week>
    <week>1942-07-25</week>
    <week>1942-08-01</week>
    <week>1942-08-08</week>
    <week>1942-08-15</week>
    <week>1942-08-22</week>
    <week>1942-08-29</week>
    <week>1942-09-05</week>
  </weeks>
  <descr/>
</top-song>
