<top-song xmlns="http://marklogic.com/MLU/top-songs">
  <!--Copyright (c) 2010 Mark Logic Corporation. Permission is
granted to copy, distribute and/or modify this document under the terms of the
GNU Free Documentation License, Version 1.2 or any later version published by
the Free Software Foundation; with no Invariant Sections, no Front-Cover Texts,
and no Back-Cover Texts. A copy of the license is included in the section 
entitled "GNU Free Documentation License." Content derived from 
http://en.wikipedia.org/wiki/Wheel_of_Fortune_(song) 

Modified in February 2010 by Mark Logic Corporation under the terms of the 
GNU Free Documentation License.-->
  <title href="http://en.wikipedia.org/wiki/Wheel_of_Fortune_(song)" xmlns:ts="http://marklogic.com/MLU/top-songs">Wheel of Fortune</title>
  <artist href="http://en.wikipedia.org/wiki/Kay_Starr" xmlns:ts="http://marklogic.com/MLU/top-songs">Kay Starr</artist>
  <weeks last="1952-03-15">
    <week>1952-03-15</week>
  </weeks>
  <descr>
    <p>"Wheel of Fortune" is a popular song written by Bennie
    Benjamin and George David Weiss and published in 1951. It was
    orginally recorded in 1951 for Atlantic Records by the
    Cardinals. In one of the earliest examples of a major record
    label covering an independent black hit, Capitol recreated the
    Cardinals' arrangement for Kay Starr's hit version in 1952 .
    The song was also used as the theme to the television series of
    the same name.</p>
  </descr>
</top-song>
